id,colour,size
PN70770,,
PN454,,
PN134,,
PN19505,,
PN206,,
PN31279,,
PN31280,,
PN31281,,
PN31282,,
PN31283,,
PN31284,,
PN31286,,
PN31287,,
PN31290,,
PN31292,,
PN31294,,
PN31295,,
PN31305,,
PN31306,,
PN31311,,
PN31314,,
PN31328,,
PN447,,
PN56704,,
PN57221,,
PN60205,,
PN60206,,
PN69916,,
PN70021,,
PN70036,"Blue,Violet,Orange,","200M,"
PN70037,"Blue,Orange,Violet,","50m,"
PN70038,"Blue,Orange,Violet,","30m,"
PN9061,"Anis,Blue,","35 metres,"
PN9062,"Orange,Blue,","60 metres,"
PN9063,"Orange/Green,","50 metres,"
PN9064,"Orange/Green,","60 metres,"
PN9191,"Anis,Orange,","60 metres,"
PN9192,"Blue,Red,","50 metres,"
PN9194,"Anis/Emerald,","60 metres,"
PN9195,"Emerald/Orange,","50 metres,"
PN9196,"Orange,","60 metres,"
PN9197,"Emerald,","50 metres,"
PN20350,"Midnight,","Size 10,Size 12,Size 14,SIZE 8,"
PN20375,"Black/Thunder,Limoges Blue,Extrem Red/Carbon,Rich Olive/Poplar,","Medium,Small,Large,Xlarge,"
PN20390,"Black,Blue/Red,","Medium,Large,XLarge,XXLarge,"
PN20393,"Molten Lava,Jet Black,Extrem Blue,","90 Litres,"
PN30830,"Black Reg Leg,Black Short Leg,Black Long Leg,","Small,Medium,Large,XLarge,XXLarge,"
PN30833,"Black 29 Inch,Black 31 Inch,Black 33 Inch,","UK8,UK10,UK12,UK14,UK16,UK18,"
PN4249,"Coal,Tasmania,","Small 3-5,Medium 5-7,Large,"
PN4251,"Coal,Eclipse,Tasmania,","Small 3-5,Medium 5-7,Large,"
PN4264,"Coal,","70 Litres,"
PN5334,"Black 32&quot; Leg,","Waist 32,Waist 34,Waist 36,"
PN5335,"Carbon/Thunder,Spring Green/Fern,","Medium,Small,Large,XLarge,"
PN5340,"Cerise Noire,","Size 10,Size 8,Size 12,Size 14,Size 18,"
PN5341,"Cerise Noire/Cherry Ripe,Damson Grey/Cloud,","Size 10,Size 12,Size 14,"
PN5344,"Black,Intense Blue/Twilight,Extrem Red/Tango Red,","Small,Medium,Large,XLarge,XXL,"
PN5349,"Thunder/Carbon,Intense Blue/Twilight,","Small,Medium,Large,XLarge,"
PN5351,"Purple Dusk/Parachute,Blue Aster/Lagoon,","Size 8,Size 10,Size 12,Size 14,"
PN5353,"Parachute Purple/Tropical,Blue Lagoon/Aster,","Size 10,Size 12,Size 14,Size 16,"
PN5354,"Midnight,","Size 10,Size 12,Size 14,"
PN5361,"Thunder/Black,","Medium,Large,XLarge,"
PN5363,"Black 31 Leg,Black 33 Leg,","Small,Medium,Large,XLarge,XXLarge,"
PN5365,"Thunder,Twilight Blue,","Medium,Large,XLarge,"
PN5366,"Black,Eclipse,","Small,Medium,Large,XLarge,XXL,"
PN5369,"Orient Purple/Tropical,Caneel Bay,","Size 10,Size 12,Size 14,Size 16,"
PN5370,"Eclipse,Black,Spark/Grape,","Size 10,Size 12,Size 14,Size 16,Size 18,"
PN5392,"Jet Black,","120 Litres,"
PN6728,"Blue Black,Silver Cloud,","Size 8 29 Inch Leg,Size 10 31 Inch Leg,Size 12 31 Inch Leg,Size 10 29 Inch Leg,Size 14 31 Inch Leg,Size 12 29 Inch Leg,Size 14 29 Inch Leg,Size 16 29 Inch Leg,Size 16 31 Inch Leg,"
PN6731,"Magenta,Hailstone Skies,","Size 8,Size 10,Size 12,Size 14,Size 16,"
PN6733,"Slate Stone,","65 Litres,"
PN6735,"Valour Blue,Ember Glow,","Size 10,Size 12,Size 14,"
PN6736,"Atlantic Blue,Steam Grey,","Medium,Large,XLarge,"
PN6737,"Extrem Red,Carbon,Thunder,Trail Green,Black,","Medium,Small,Large,XLarge,"
PN6747,"Slate Stone/Black,","80 Litres,"
PN6749,"Simple Purple,Black,","Size 10,Size 12,Size 14,Size 16,"
PN6752,"Black,Fire,","Small,Medium,Large,XLarge,"
PN6757,"Black,Orient Purple/Midnight,","Size 8,Size 10,Size 12,Size 14,"
PN6758,"Black/Thunder,Intense Blue/Twilight,","Medium,Small,Large,XLarge,"
PN6767,"Stained Glass/Atlantic Blue,Slate Stone/Trail Green,","32 Litres,"
PN6773,"Slate stone,","Size 8,Size 10,Size 12,Size 14,"
PN6775,"Black,Lime Zest,","Size 10,Size 12,Size 14,"
PN6777,"Dubarry/Lime Zest,","Size 10,Size 12,Size 14,"
PN6779,"Geranium,","Size 10,Size 12,Size 14,"
PN6781,"Blue Lagoon/Blue Aster,Lime Zest/Kiwi,","Size 10,Size 12,Size 14,"
PN7755,"Carbon Marl,Dusk Marl,Mykonos Blue Marl,","Small,Medium,Large,XLarge,"
PN7756,"Cerise Noire,","Size 10,Size 12,Size 14,"
PN7758,"Extrem Red,Eclipse,Black,","Small,Medium,Large,XLarge,"
PN7760,"Black,Intense Blue/Twilight,","Small,Medium,Large,XLarge,XXLarge,"
PN7763,"Carbon,Mykonos Blue,","Small,Medium,Large,XLarge,XXLarge,"
PN7764,"Blue Aster/Midnight,Magenta/Cerise,","Size 8,Size 10,Size 12,Size 14,"
PN7765,"Cherry Pie/Magenta,Grey Mist/Cloud Grey,","Size 10,Size 12,Size 14,Size 16,"
PN7767,"Carbon/Black,Intense Blue/Twilight,Extrem Red/Carbon,","Small,Medium,Large,XLarge,"
PN7768,"Black,","Size 10 29 Leg,Size 10 31 Leg,Size 12 29 Leg,Size 12 31 Leg,Size 14 29 Leg,Size 14 31 Leg,Size 16 29 Leg,"
PN7770,"Black,Eclipse,","Small,Medium,Large,XLarge,XXLarge,"
PN7771,"Black,Eclipse,Popular Green,","Small,Medium,Large,XLarge,XXLarge,"
PN7772,"Evening Blue,Olivine,Cherry Ripe,","Size 8,Size 10,Size 12,Size 14,Size 16,"
PN7773,"Navy/Blue,","Size 38,Size 39,Size 40,Size 41,Size 42,"
PN7774,"Carbon,EXTREM Red,","45 Litres,"
PN7775,"Carbon,Extrem Red,","35 Litres,"
PN7776,"Parachute Purple,Blue Aster,","35 Litre,"
PN7778,"Black,Stained Glass,","28 Litres,"
PN80382,"Black,Navy,","Size 41,Size 42,Size 43,Size 44,Size 45,Size 46,Size 47,"
PN8824,"Spring Green/Fern,Intense Blue/Aster,","Medium,Large,XLarge,"
PN8826,"Dusk,","Medium,Large,XLarge,"
PN8828,"Black Short Leg,Black Reg Leg,Black Long Leg,","Small,Medium,Large,XLarge,XXLarge,"
PN8830,"Blue Aster Marl,Dusk Marl,","Small,Medium,Large,"
PN8831,"Walnut 32 Leg,","32 Waist,34 Waist,36 Waist,38 Waist,"
PN8832,"Coal 32 Leg,","30 Waist,32 Waist,34 Waist,"
PN8833,"Tarmac,","32 Waist,34 Waist,36 Waist,"
PN8834,"Blue Aster,Off Width Blue,","32 Waist,34 Waist,36 Waist,38 Waist,"
PN8835,"Carbon,","Medium,Large,XLarge,"
PN8837,"Parakeet/Bluatic,Big Orange/Spray,","Size 10,Size 12,Size 14,"
PN8838,"Whisper White,Ultra Violet,","Size 10,Size 12,Size 14,"
PN8839,"Blue Black,Cherry Ripe,","Size 10,Size 12,Size 14,"
PN8840,"Black,Intense Blue,Poplar Green,","Small,Medium,Large,XLarge,"
PN8841,"Black,Mood Indigo,Carbon,","Small,Medium,Large,Xlarge,"
PN8842,"Grey Marl,Twilight Blue,","Small,Medium,Large,XLarge,"
PN8843,"Blue Black,Spray,Poppy Red,","Size 10,Size 12,Size 14,Size 16,"
PN8844,"Whisper White,Ultra Violet,Provence,","Size 10,Size 12,Size 14,"
PN8845,"Pure White/Slate,Intense Blue/Twilight,","Small,Medium,Large,XLarge,"
PN8846,"Intense Blue/Twilight,Slate Stone,","Medium,Large,XLarge,"
PN8847,"Dusk/ExtremeRed,","Small,Medium,Large,Xlarge,"
PN8848,"Slate Stone/Black,","Small,Medium,Large,XLarge,XXLarge,"
PN8850,"Carbone/Red,Spring Green/Carbon,","Medium,Large,XLarge,"
PN8851,"Intense Blue,Black/Carbon,","Medium,Large,XLarge,"
PN8852,"Mood Indigo,Intense Blue,Extrem Red/Carbon,Black/Carbon,Carbon/Extreme Red,Off Width Blue,Spring Green/Carbon,","Small,Medium,Large,XLarge,XXLarge,"
PN8853,"Magenta,Evening Blue,","Size 10,Size 12,Size 14,"
PN8854,"Evening Blue,Maui Blue,","Size 10,Size 12,Size 14,Size 16,"
PN8855,"Off Width Blue Stripe,Pure White Stripe,Spray Stripe,Magenta Stripe,","Size 10,Size 12,Size 14,Size 16,"
PN8860,"Black/Lemon Chrome,","Size 7,Size 7.5,Size 8,Size 8.5,Size 9,Size 9.5,Size 10,Size 10.5,Size 11,Size 12,"
PN8861,"Dark Gull Grey/Lemon Chrome,","Size 7,Size 7.5,Size 8,Size 8.5,Size 9,Size 9.5,Size 10,Size 10.5,Size 11,Size 12,"
PN8865,"Dusk,Fire/Blue Aster,","22 Litres,"
PN8870,"Black/Carbon,Magenta/Cerise Noire,Stained Glass/Eclipse,","20 Litres,"
PN8871,"Parakeet/White,","25 Litres,"
PN8874,"Jet Black,Molten Lava/Black,","25 Litres,"
PN8877,"Black,","60 Litres,"
PN8881,"Carbon/Black,","Medium,Large,XLarge,"
PN8883,"Moon Mist,Blue Aster,","Waist 30 Leg 30,Wasit 30 Leg 32,Waist 30 Leg 34,Waist 32 Leg 30,Waist 32 Leg 32,Waist 32 Leg 34,Waist 34 Leg 30,Waist 34 Leg 32,Waist 34 Leg 34,Waist 36 Leg 30,Waist 36 Leg 32,Waist 36 Leg 34,Wasit 38 Leg 30,Waist 38 Leg 32,Waist 38 Leg 34,Waist 40 Leg 30,Waist 40 Leg 32,Waist 40 Leg 34,"
PN8885,"Maui Blue,Big Orange,","Size 10,Size 12,Size 14,"
PN8886,"Blue Black,","Size 8 29 Leg,Size 8 31 Leg,Size 8 33 Leg,Size 10 29 Leg,Size 10 31 Leg,Size 10 33 Leg,Size 12 29 Leg,Size 12 31 Leg,Size 12 33 Leg,Size 14 29 Leg,Size 14 31 Leg,Size 14 33 Leg,"
PN90899,"Black,","Size 10,Size 8,Size 12,Size 14,Size 16,"
PN90911,"Jet Black,Eclipse,Rich Olive,","65 Litres,"
PN90912,"Caneel Bay/Blue,Cherry Ripe,Evening Blue,","60 Litres,"
PN90929,"Midnight/Black,Blue/Red,","Medium,Large,XLarge,XXL,"
PN9129,"Twilight Blue,","Small,Medium,Large,XLarge,"
PN20280,"Black,Natural,","Small,Medium,Large,XLarge,"
PN20299,,
PN20308,"Blizzard,Limestone,Orange,Tropic,Cafe,","Small/Medium,Medium/Large,"
PN20311,,
PN20312,,
PN31012,,
PN31014,,
PN31015,,
PN31028,,
PN31029,,
PN31031,,
PN31034,,
PN31037,,
PN31040,"Black,","Small,Medium,Large,XLarge,"
PN31063,"Silver,","13cm,16cm,19cm,22cm,"
PN31065,,
PN31066,,
PN31067,,
PN31069,,
PN31070,"Ass,","0.3,0.4,0.5,0.75,1,2,3,4,5,6,"
PN31075,,
PN31076,,
PN31086,,
PN31093,,
PN31096,,
PN31098,,
PN4144,"Cool Gray,","Small,Medium,Large,XLarge,"
PN4146,"Steel,","Small,Medium,Large,XLarge,"
PN4147,"Ink,","XSmall,Small,Medium,Large,"
PN4148,"Cobalt,Raspberry,","One Size,"
PN4150,,
PN4156,,
PN4157,,
PN4160,,
PN4161,,
PN5293,"Black,Lime Green,","Small,Medium,Large,XLarge,"
PN5296,"Black,Natural,","Small,Medium,Large,XLarge,"
PN5298,"Black,Natural,","Small,Medium,Large,XLarge,"
PN5299,"Black,","Small,Medium,Large,XLarge,"
PN5300,"Black,","Medium,Large,XLarge,"
PN5304,"Black,","Small,Medium,Large,XLarge,"
PN5305,"Black,","Small,Medium,Large,XLarge,"
PN5314,,
PN5315,,
PN5317,"Green Flash,","105-125cm,115-135cm,"
PN5318,"BD Orange,","95-145cm,105-155cm,"
PN5319,,
PN5320,"Black,Revolution Green,","Small/Medium,"
PN5321,"Lava,Cobalt Blue,","Small,Medium,Large,"
PN5324,"Lava,","Small,Medium,Large,XLarge,"
PN5325,"Aruba Fire,","XSmall,Small,Medium,Large,"
PN5326,,
PN5327,,
PN5328,,
PN5330,"Black,","Small,Medium,Large,"
PN56939,,
PN56983,,
PN65072,,
PN65073,,
PN65074,,
PN65075,,
PN65077,,
PN65079,"Grey,","55cm,60cm,65cm,70cm,75cm,"
PN65080,,
PN65081,,
PN65082,,
PN65083,,
PN65085,,
PN65088,,
PN65089,,
PN65090,,
PN6826,,
PN6827,"Print,","125cm,140cm,"
PN6829,"Print,","110cm,125cm,"
PN6830,,
PN6832,"Red,Yellow,Blue,Grey,Purple,Green,","Size 0.1,Size 0.2,Size 0.3,Size 0.4,Size 0.5,Size 0.75,"
PN6833,"Blizzard,Cafe,Orange,Black,","Small/Medium,Medium/Large,"
PN6836,"Coal,Lava,","Medium Back,"
PN6840,"Print,","110 cm,120 cm,130 cm,"
PN6842,,
PN6843,,
PN6844,,
PN6845,,
PN6846,,
PN6847,,
PN6848,"Blizzard,Fire Red,Steel Grey,","Small/Medium,Medium/Large,"
PN6849,"Deep Blue,","Small,Medium,Large,XLarge,"
PN6850,"Dark Shadow,Process Blue,","75 Lumens,"
PN6851,"Titanium,","110 Lumens,"
PN6853,"Matte Black,Bright Teal,","70 Lumens,"
PN70614,"Burnt Orange,","Small/Medium,Medium/Large,Large/XLarge,XXLarge,"
PN70618,,
PN70625,,
PN7822,"Laurel,Glacier Blue,","53-59cm,"
PN7823,"Black,Cobalt,","Small/Medium,Medium/Large,"
PN7824,,
PN7826,,
PN7827,,
PN7828,,
PN7829,,
PN7830,,
PN7831,,
PN7833,,
PN7834,,
PN7835,,
PN79057,,
PN79068,,
PN79098,,
PN7951,"Black,","Small,Medium,Large,XLarge,"
PN7952,"Black,","Small,Medium,Large,XLarge,"
PN7953,"Black,","Small,Medium,Large,"
PN84050,"Black,","Medium,Large,XLarge,Small,"
PN84059,,
PN84061,,
PN8509,,
PN8510,,
PN8511,,
PN8513,,
PN8514,"Grey,Purple,Green,Red,Yellow,","Size 000,Size 00,Size 0,Size 1,Size 2,"
PN8515,,
PN8516,,
PN8517,,
PN8518,,
PN8519,,
PN8521,"Cinnamon Tattoo,","One Size,"
PN8524,"Black,","Small,Medium,Large,XLarge,"
PN8525,"Black,Bright Teal,Dark Denim,Fire Red,Green Sage,Plum,","Small/Medium,Medium/Large,"
PN8526,"Blue Steel,Coal,Gecko,Red Clay,","One Size,"
PN8529,"Anthracite,BD Orange,","Left Hand,Right Hand,"
PN8532,,
PN8534,,
PN8535,"Black,Moroccan Blue,","One Size,"
PN8537,"Limelight,Moroccan Blue,","One Size,"
PN8539,"Fire Red,Graphite,Sulfur,","Small,Medium,Large,"
PN8540,"Sulfur,Vapor Grey,","Small/Medium,Medium/Large,"
PN8542,"Carbon/Blue,","100cm,110cm,120cm,130cm,"
PN8543,,
PN8544,,
PN8545,,
PN8546,,
PN8548,,
PN8549,,
PN8550,,
PN8551,,
PN8552,,
PN8553,,
PN8554,"Carbon,","115cm,120cm,125cm,130cm,"
PN8555,"Ultra Blue,","57-125cm,62-140cm,"
PN8556,"Black,","Small,Medium,Large,XLarge,"
PN8557,"Black,","Small,Medium,Large,XLarge,"
PN8558,"Black,","Small,Medium,Large,XLarge,"
PN8560,,
PN8561,"Dark Shadow,Revolution Green,Vibrant Orange,Matte Black,","160 Lumens,"
PN90049,,
PN90050,,
PN90051,,
PN90054,"Cobalt,","Small,Medium,Large,"
PN90060,"Black,Cobalt,","Small,Medium,Large,XLarge,"
PN90061,"Black,Cobalt,","Small,Medium,Large,XLarge,"
PN90063,"Black,","Small,Medium,Large,XLarge,"
PN90067,"Dark Chocolate,","250 Lumens,"
PN90068,"Dark Chocolate,Ultra White,Dark Shadow,","80 Lumens,"
PN90069,"Lava,Lime Green,Ultrawhite,DARK SHADOW,Matte Black,Process Blue,Vibrant Orange,","45 Lumens,"
PN90217,,
PN9056,,
PN9070,"Dark Shadow,Matte Black,Process Blue,Ultra White,Vibrant Orange,","60 lumens,"
PN9180,"Fire Red,","Small,Medium,Large,"
PN33402,"Brown,","4,4.5,5,5.5,6,6.5,7,7.5,8,"
PN33403,"Brown,Black,","7,7.5,8,8.5,9,9.5,10,10.5,11,11.5,12,"
PN33416,"Brown,Neutral,",
PN5434,"Chocolate,","Size 7,Size 7.5,Size 8,Size 8.5,Size 9,Size 9.5,Size 10,Size 10.5,Size 11,Size 11.5,Size 12,Size 13,"
PN5435,"Chocolate,","Size 4,Size 4.5,Size 5,Size 5.5,Size 6,Size 6.5,Size 7,Size 7.5,Size 8,"
PN5436,"Black,","Size 7,Size 7.5,Size 8,Size 8.5,Size 9,Size 9.5,Size 10,Size 10.5,Size 11,Size 11.5,Size 12,"
PN5439,"Brown,","Size 7,Size 7.5,Size 8,Size 8.5,Size 9,Size 9.5,Size 10,Size 10.5,Size 11,Size 11.5,Size 12,"
PN19459,"Storm Blue,Pink,","Medium,Large,XLarge,"
PN19460,"Natural,Lavender,Blue,","Small,Medium,Large,"
PN19462,"Grey,Natural,","Medium,Large,"
PN34004,"Navy/Petrol,Gunmetal,","Small,Medium,Large,XL,"
PN34006,"Black,Green,Black,Gunmetal,","Small,Medium,Large,XL,"
PN34007,"Navy,Black,","Small,Medium,Large,XLarge,"
PN34008,"Storm,Olive Marl,","W.Small,W. Medium,W. Large,"
PN34009,"Navy,Stone,","Small,Medium,Large,XL,"
PN34013,"Sky/Grey,Heather/Damson,Grey/Smoke Blue,","W.Small,W. Medium,W. Large,"
PN34014,"Navy,","Small,Medium,Large,XL,"
PN34015,"Grey,Black,White,Navy,","Small,Medium,Large,XL,"
PN34016,"Sky,Navy,","W.Small,W. Medium,W. Large,"
PN34017,"Indigo,Natural,Grey,Charcoal,","Small,Medium,Large,XL,"
PN57812,"Navy,Grey,","Medium,Large,XLarge,SMALL,"
PN57816,"Coral,Plum,Smokey Blue,","Small,Medium,Large,"
PN70817,"Powder Blue,Sand,","Small,Medium,Large,"
PN70819,"Aubergine,Mushroom,","Small,Medium,Large,"
PN9130,"Black,Cliff,Cru,Daghir,Lepdt,Lob,","One Size,"
PN8144,"Black,Cedar,Carmelita,Cru,Plum,Pumpkin,Sanders,","One Size,"
PN8145,"Black,Charcoal,","One Size,"
PN8149,"Afgan Graphite/Black,Baster/Reign,Black,Durma/Niagara,Ehtel/Navy,Green Hunt/Military,Indiancross/Grey,Lannins/Rosebud,Pinksberry/Black,Pixelize/Black,Pixels/Navy,Snowflakes/Black,Snowflow/Reign,Weft/Grey,Yamuna/Cru,","One Size,"
PN8150,"Alibaba/Black,Arashi/Black,Baltia/Champagne,Cordes/Evening Sky,Ghomala/Evening Sky,Icons Logo/Black,Kasba/Black,Kaze/Black,Multi/Black,Pointed/Gargoyle,Purplejeff/Paloma Pink,Ratak/Gargoyle,Scrap/Black,Snow Hawai/Champagne,","One Size,"
PN8152,"Kanyee/Black,Oby/Mardi Grape,Op Grey/Black,Pinksberry/Black,Pixelize/Gargoyke,","One Size,"
PN9159,"Charcoal/Graphite,","20 LitreS,"
PN9160,"Mykonos Blue/Blue Jewel,","18 Litres,"
PN9161,"Black/Skydiver,Engine Red/Silver,","18 Litres,"
PN9162,"Black/Skydiver,Blue Jewel/Bright Fuschia,","6.5 Litres,"
PN9163,"Charcoal/Graphite,Deep Olive/Sprout,","18 Litres,"
PN9164,"Mykonos Blue,","18 Litres,"
PN9165,"Black/Lemon Chrome,","2 Litres,"
PN9168,"Graphite,","0.6 Litres,"
PN9169,"Graphite,","0.75 Litres,"
PN9170,"Royal Lilac,Charcoal,Navy,Grass,","1 Litre,"
PN9171,"Royal Lilac,Charcoal,Navy,Grass,Chilli Red,","0.75 Litres,"
PN251,,
PN30203,"Metal,","10.5cm,11cm,14cm,14.5cm,"
PN60200,,"90mm,95mm,115mm,120mm,125mm,130mm,"
PN11055,"Orange,","Size 1,Size 2,"
PN31561,,
PN5478,"Larch Green,Parchment,","Small,Medium,Large,XLarge,"
PN8569,"Black/Granite,Fire/Granite,","32 Litres,"
PN8570,"Black/Titan,Spring/Anthracite,Magenta/Blackberry,","10 Litres,"
PN8574,"Lemon/Platin,","28 Litres,"
PN11005,,
PN11034,,
PN11036,,
PN11074,,
PN166,"Green,","50m,"
PN167,"Copper,","60m,"
PN19373,,
PN30086,,
PN30094,,
PN30099,"Silver Anod,BLT,","One size,"
PN30101,"Silver,","12cm,18cm,"
PN30108,"Black,","Standard,X-Large,"
PN30109,,
PN30111,"Black,","Small,Medium,Large,XL,"
PN30114,,
PN30115,,
PN30116,,
PN30118,"N/A,","Size 00,Size 0,Size 0.5,Size 0.75,Size 1,Size 2,Size 3,Size 4,Size 5,Size 6,Size 7,Size 8,Size 9,Size 10,Size 11,"
PN336,,
PN337,,
PN38446,,
PN38447,,
PN436,,
PN4511,,
PN4512,,
PN4513,,
PN4515,"Grey,","50cm,55cm,"
PN4516,"Grey,","50cm,55cm,"
PN4517,,
PN4518,,
PN4519,,
PN4524,,
PN4528,,
PN4548,,
PN4549,"Grey,","50cm,55cm,60cm,65cm,"
PN511,"Grey,Blue,Red,Green,","One Size,"
PN513,"Grey,Blue,Red,Green,","One Size,"
PN515,"Grey,Blue,Red,Green,","One Size,"
PN516,,
PN517,,
PN5543,,
PN5544,,
PN57722,"Silver,","Size 1,Size 2,Size 3,Size 4,Size 5,Size 6,Size 00,Size 0,"
PN57725,,
PN60179,,
PN60182,"size 1,size 2,size 3,size 4,",
PN70572,,
PN70575,,
PN76011,,
PN84175,,
PN84177,,
PN8441,"Grey,Red,Green,","45 Litres,"
PN8442,"Grey,Red,Green,","45 Litres,"
PN8443,"Green,","45 Litres,"
PN8444,"Red,","75 Litres,"
PN8445,"Grey,","100 Litres,"
PN8447,"Grey,Blue,Red,Green,","One Size,"
PN9146,"Grey/Red,","Small,Medium,Large,"
PN9179,,
PN31378,,
PN31379,,
PN31380,,
PN11085,,
PN8798,"Black,Red,Blue,Gray,Olive,Purple,","iPhone 5,"
PN8805,"Black,Red,Blue,Gray,Olive,Purple,","iPhone 4,"
PN8806,"Blue,Red,Gray,Olive,","iPad,"
PN8807,"Black,Gray,Purple,","iPad,"
PN8808,"Blue,Gray,Green,Magenta,","15 Inch,"
PN8809,"Gray,Green,Magenta,Blue,","17 Inches,"
PN19395,,
PN19397,,
PN19401,,
PN19413,,
PN19414,,
PN19416,,
PN19418,,
PN19419,,
PN57231,"Lime,Black,Olive,","30 Litres,"
PN57233,"Cyan,Black,Terracotta,Olive,","80 Litres,"
PN70041,,
PN70042,,
PN70045,,
PN70046,,
PN70049,,
PN8645,,
PN8647,,
PN9107,"Sand,Lime,Black,Olive,","1 litre,"
PN9108,"Green,Orange,Black,Olive,","3 litre,"
PN9109,"Corn Yellow,Yellow,Black,Olive,","5 litre,"
PN9110,"Terracotta,Red,Black,Olive,","8 litre,"
PN9111,"Sky Blue,Blue,Black,Olive,","13 litre,"
PN9112,"Ruby Red,Emerald Green,Black,Olive,","22 litre,"
PN9113,"Charcoal Grey,Cyan,Black,Olive,","40 litre,"
PN35006,,"Small,Medium,Large,XLarge,"
PN7800,"Black,","XSmall,Small/Medium,Large/XLarge,"
PN7801,"Black,","Small,Medium,Large,XLarge,"
PN7802,"Black,","Small,Medium,Large,XLarge,"
PN7803,"Black,","Small,Medium,Large,XLarge,"
PN7804,"Black,","Small,Medium,Large,XLarge,"
PN7805,"Black,","One Size,"
PN7806,"Black,","One Size,"
PN7807,"Black,","One Size,"
PN7808,"Black,","One Size,"
PN7810,"Black,","Small,Medium,Large,XLarge,"
PN7812,"Black,","Small/Medium,Large/XLarge,"
PN7813,"Black,","One size,"
PN7814,"Black,","One Size,"
PN7815,"Black,","Small/Medium,Large/XLarge,"
PN7816,"Black,","Small/Medium,Large/XLarge,"
PN7817,"Black,","Small,Medium,Large,"
PN7818,"Oatmeal,","Small,Medium,Large,XLarge,"
PN7819,"Oatmeal,","Small,Medium,Large,XLarge,"
PN8690,"Alpine Orange,","3 Person,"
PN79138,,
PN39178,"Blue,","20cm,"
PN39179,"Blue,","Wide Lip,"
PN39180,"Blue,","24cm,"
PN39181,"Blue,","275ml,550ml,"
PN20549,,
PN20559,,
PN20560,,
PN20561,,
PN553,,
PN31271,,
PN31272,,
PN39261,,
PN19167,,
PN19168,,
PN19356,,
PN20404,"Blue,","50cm,55cm,60cm,65cm,70cm,"
PN20407,"Black,","53cm,"
PN211,,
PN212,,
PN31447,"Black,","Cramp O Matic,New Classic,New Matic,New Classic Wide,"
PN31448,,
PN31449,"Black,","Cramp O Matic,New Classic,New Matic,"
PN31450,"Black,","Cramp O Matic,New Matic,GSB,"
PN31451,,
PN31452,,
PN31454,,
PN31455,"New Matic,New Classic,",
PN31457,,
PN31458,,
PN31464,,
PN31466,,
PN31472,"Yellow,","48cm,53cm,58cm,66cm,"
PN31474,"Yellow,","48cm,53cm,"
PN397,,
PN5563,,
PN5565,,
PN5566,,
PN5567,,
PN5568,,
PN5569,,
PN5570,,
PN5571,,
PN60083,,
PN60592,,
PN65093,,
PN7875,,
PN7877,,
PN80121,,
PN80410,,
PN7954,"Black,White,Navy,Alert Red,Evening Blue,","Small,Medium,Large,XLarge,"
PN7955,"Black,White,Navy,","Small,Medium,Large,XLarge,"
PN7956,"Black,","Small,Medium,Large,XLarge,"
PN7957,"Black,","Small,Medium,Large,XLarge,"
PN7958,"Ice Blue,Black,Nordic Purple,","Small,XSmall,Medium,Large,XLarge,"
PN7959,"Black,","Small,Medium,Large,XLarge,"
PN7960,"Black,Magenta,","Small,Medium,Large,XLarge,"
PN8818,"Blue,Yellow,","65 Litres,"
PN8819,"Blue,Yellow,","115 Litres,"
PN9105,,
PN8089,"Truffle Brown,Black,","XSmall,Small,Medium,Large,XLarge,"
PN8091,"White Sand,Blue Graphite,","XSmall,Small,Medium,Large,XLarge,"
PN8095,"Black,Mocca,","XSmall,Small,Medium,Large,XLarge,"
PN8097,"Sahara,Mocca,Black,","XSmall,Small,Medium,Large,XLarge,"
PN8098,"Truffle Brown,Sahara,","XSmall,Small,Medium,Large,XLarge,"
PN8099,"Lamb,Dark Steel,","XSmall,Small,Medium,Large,XLarge,"
PN8100,"Electric Blue,Basil Green,Grey Heather,Graphite,","Small,Medium,Large,XLarge,XXLarge,"
PN8101,"Beetroot Red,Light Grey,Graphite,","XSmall,Small,Medium,Large,XLarge,"
PN8102,"Matisse Blue,Dark Red,Basil Green,Truffle Brown,Black,","Small,Medium,Large,XLarge,XXLarge,"
PN8103,"Beetroot Red,White Sand,Black,","XSmall,Small,Medium,Large,XLarge,"
PN8106,"Evergreen,","26 litres,"
PN8107,"Matisse Blue,Phantom Flow Checks,Black,","Fold,"
PN8108,"Black,Phantom Flow Checks,","Fold,"
PN8109,"Phantom,","Zip,"
PN8110,"Siltstone,","Size 5,Size 5.5,Size 6,Size 6.5,Size 7,Size 7.5,Size 8,"
PN8111,"Siltstone,","Size 8,Size 8.5,Size 9,Size 9.5,Size 10,Size 10.5,Size 11,Size 11.5,Size 12,"
PN8112,"Shadow Black,","Size 8,Size 8.5,Size 9,Size 9.5,Size 10,Size 10.5,Size 11,Size 11.5,Size 12,Size 12.5,Size 13,"
PN8114,"Coffee Brown,","Size 5.5,Size 6,Size 6.5,Size 7,Size 7.5,Size 8,"
PN8115,"Dark Stone,","Size 5,Size 5.5,Size 6,Size 6.5,Size 7,Size 7.5,Size 8,"
PN8116,"White Sand,Mocca,Black,","XSmall,Small,Medium,Large,XLarge,"
PN8405,"Night Blue,Olive Drab,","Small,Medium,Large,XLarge,"
PN8406,"Brilliant Blue,White Sand,","Small,Medium,Large,XLarge,"
PN8407,"Brilliant Blue,Ivy Green,","Small,Medium,Large,XLarge,"
PN8408,"Night Blue,Red Fire,","Small,Medium,Large,XLarge,"
PN8409,"Red Fire,Black,","Small,Medium,Large,XLarge,"
PN8410,"Burly Yellow,Black,","Small,Medium,Large,"
PN8411,"Night Sky,Black,","Small,Medium,Large,"
PN8412,"Night Sky,Black,","Small,Medium,Large,"
PN8413,"Active Blue,Dark Steel,","Small,Medium,Large,XLarge,"
PN8414,"Active Blue,Red Fire,","Medium,Large,XLarge,"
PN8415,"Siltstone,Olive Brown,","Medium,Large,Xlarge,"
PN8416,"Red Fire,Black,","Small,Medium,Large,XLarge,"
PN8417,"Dark Steel,Humid Sand,","Small,Medium,Large,XLarge,"
PN8418,"Siltstone,","Size 46,Size 50,Size 54,Size 58,"
PN8419,"Siltstone,Dark Steel,","Size 36,Size 40,Size 44,"
PN8420,"Red Stripes,Night Blue Stripes,","Medium,Large,XLarge,"
PN8421,"Pink Passion Stripes,Night Blue Stripes,","Small,Medium,Large,XLarge,"
PN8422,"Brilliant Blue,Ivy Green,","Medium,Large,XLarge,"
PN8423,"Classic Blue,Pink Passion,","Small,Medium,Large,"
PN8424,"Black,","100 Litres,"
PN8425,"Black,","65 Litres,"
PN8427,"Hibiscus Red,Opal Green,","26 Litres,"
PN8428,"Classic Blue,Black,","35 Litres,"
PN9115,"Red Fire,Black,","Small,Medium,Large,XLarge,"
PN9116,"Parrot Green,Grey Haze,","Small,Medium,Large,XLarge,"
PN19387,,
PN19388,,
PN19390,,
PN19392,,
PN19393,,
PN20469,,
PN20470,,
PN20471,,
PN31216,,
PN57810,,
PN79120,,
PN39265,,
PN39266,,
PN423,,
PN424,,
PN70090,,
PN7733,,
PN7735,,
PN79035,,
PN79036,,
PN504,,
PN505,,
PN11063,"Silver/Grey,","Size 43H,Size 42,Size 42.5,Size 43,Size 44,Size 44.5,Size 45,Size 45.5,Size 46,Size 46.5,Size 47,"
PN19174,,"42,42.5,43,43.5,44,44.5,45,45.5,46,46.5,47,40,"
PN34639,"Yellow,","41,41H,42,42H,43,43H,44,44H,45,45H,46,46H,47,47H,48,"
PN34640,"Blue,","41,41H,42,42H,43,43H,44,44H,45,45H,46,46H,47,47H,48,"
PN34641,"Pale Blue,","39H,40,40H,41,41H,42,"
PN34642,"Lime,","36,36H,37,37H,38,38H,39,39H,40,40H,41,41H,42,"
PN34645,,"190cm Mtn Nepal,170cm Mtn Trango,"
PN4504,"Black/Yellow,","Size 43,Size 43.5,Size 44,Size 44.5,Size 45,Size 45.5,Size 46,Size 46.5,Size 47,Size 47.5,Size 48,"
PN70066,"Grey/Yellow,","Size 42,Size 43,Size 44,Size 45,Size 42.5,Size 46,Size 47,Size 43.5,SIZE 46.5,Size 44.5,Size 45.5,"
PN70070,,
PN70071,,
PN9027,"Directoir Blue,","Size 42,Size 43,Size 44,Size 45,Size 46,Size 47,"
PN9029,"Yellow/Black,","Size 41,Size 41.5,Size 42,Size 42.5,Size 43,Size 43.5,Size 44,Size 44.5,Size 45,Size 45.5,Size 46,"
PN9059,"Pink/White,","Size 36,Size 36.5,Size 37,Size 37.5,Size 38,"
PN9060,"Green/Grey,","Size 36,Size 36.5,Size 37,Size 37.5,Size 38,Size 38.5,Size 39,Size 39.5,Size 40,Size 40.5,Size 41,Size 41.5,Size 42,Size 42.5,Size 43,Size 43.5,Size 44,"
PN8202,,
PN8203,"Grey,Red,","3xAAA,"
PN8204,,
PN177,,
PN19207,,
PN19214,,
PN19218,,
PN19221,,
PN19511,"Anthracite,","Length 110cm,Length 120cm,Length 130cm,"
PN34545,,
PN34546,,
PN34550,,
PN4011,,
PN4019,,
PN444,,
PN9137,,
PN9138,,
PN9139,,
PN9140,,
PN9141,,
PN9142,,
PN9143,,
PN9144,,
PN10050,,
PN33066,,
PN33083,,
PN33084,,
PN33122,,
PN33126,,
PN33130,,
PN33133,,"50 ml roll on,50 ml pump spray,100 ml pump spray,50 ml Lotion,"
PN33134,,
PN33136,,
PN33137,,
PN33138,,
PN33139,,
PN33140,,
PN33141,,
PN33142,,"Single,Double,"
PN33143,,
PN33145,,
PN33146,,
PN33150,,
PN33153,,
PN33200,,
PN38549,,
PN38550,,
PN38551,,
PN38552,,
PN38554,,
PN38555,,
PN38556,,
PN38557,,
PN38563,,
PN38565,,
PN38566,,
PN38567,,
PN38568,,
PN38571,,
PN38572,,
PN38660,,
PN57116,,
PN57121,,
PN57614,,
PN57615,,
PN90008,,
PN90851,,
PN33019,,
PN33052,,
PN33065,,
PN33077,,
PN33087,,
PN33088,,
PN33091,,
PN33092,,
PN33093,,
PN33096,,
PN33105,"Grey,Wide mouth vac flask,","0.75 ltr,1.0 ltr,"
PN33114,,
PN33128,,
PN33162,,"100 ml,200 ml,"
PN33163,,"100 ml,"
PN33166,"Black and Blue,Brown and Pink,","Small,Large,"
PN33168,,
PN33169,,
PN33170,,
PN33171,,
PN33176,,"Large,X Large,Giant,"
PN38582,,
PN38583,"Black and Blue,",
PN38587,,
PN38590,,
PN38662,,
PN39587,,
PN57130,,
PN57131,,
PN57132,,
PN57136,,
PN57137,,
PN57138,,
PN57139,,
PN70726,"Plain Blue,Gecko,World Map,Fish,","Pocket,Small,Medium,Large,XLarge,Giant,"
PN70733,,
PN79061,,
PN90016,,
PN90020,,
PN90022,,
PN11077,"Cyan,Fuschia,Lime,Orange,","Original,"
PN19539,"Dark Green,Red,Blue,Yellow,Green,","One Size,"
PN19540,,
PN20472,"Black,Cyan,Green,Red,Orange,","One Size,"
PN7725,,
PN57146,,
PN90026,,
PN8170,"Grey,","Small,Medium,Large,XLarge,"
PN8171,"Grey,","Small,Medium,Large,XLarge,"
PN8172,"Grey,","Small,Medium,Large,XLarge,"
PN8173,"Orange,Black,","Small,Medium,Large,"
PN5443,"Black,Chilli Red,Crocodile Green,","65:75 Litres,"
PN5444,"Chilli Red,Croc Green,Black,","65 Litres,"
PN5445,"Chilli Red,Black,Sea Blue,","65:75 Litres,"
PN5446,"Chilli Red,Sea Blue,Crocodile Green,","65 Litres,"
PN5447,"Black Grid,","45:55 Litres,"
PN5448,"Black Grid,","35:45 Litres,"
PN5449,"Black Grid,","35:45 Litres,"
PN5450,"Chilli Red,Black,","35:45 Litres,"
PN5451,"Black,Surf Blue,Chilli Red,","42 Litres,"
PN5452,"Black/Pumpkin,Bark/Sand,Tabasco/Amber,Denim/Zinc,","45:55 Litres,"
PN5453,"Black/Pumpkin,Bark/Sand,Denim/Zinc,Tabasco/Amber,","35:45 Litres,"
PN5454,"Black/Fuchsia,Bluebird/Acid,Plum Wine/Quartz,","33:40 Litres,"
PN5455,"Black/Pumpkin,Denim/Navy,Bark/Sand,","37 Litres,"
PN5456,"Black/Pumpkin,Bark/Sand,Tabasco/Zinc,","27 Litres,"
PN5457,"Black/Purple,Sangria/Quartz,Plum Wine/Magenta,","30 Litres,"
PN5458,"Denim/Zinc,Bark/Sand,","35 Litres,"
PN5460,"Sangria/Purple,Guacamole/Quartz,Black/Fuchsia,Plum Wine/Quartz,","32 Litres,"
PN5468,"Graphite/Black,","40 Litres,"
PN5469,"Graphite/Black,","40 Litres,"
PN8621,"Black,","75 Litres,"
PN8622,"Black/Amber,Crocodile Green/Zinc,","70 Litres,"
PN8623,"Plum Wine/Magenta,Bluebird/Quartz,","55 Litres,"
PN8624,"Black/Amber,Alaskan Blue/Guacamole,","65 Litres,"
PN8625,"Aubergine/Quartz,","55 Litres,"
PN8626,"Sage/Pumpkin,Olympian Blue/Guacamole,","35 Litres,"
PN8627,"Sage/Pumpkin,Fiesta/Amber,","25 Litres,"
PN8628,"Black,Surf Blue,","65 Litres,"
PN8629,"Black/Pumpkin,Crocodile Green/Dust,","35 Litres,"
PN8630,"Alaskan Blue/Guacamole,Crocodile Green/Dust,","25 Litres,"
PN8631,"Aubergine/Quartz,Sea Blue/Pumpkin,","35 Litres,"
PN8632,"Black,Surf Blue,Dark Pear/Zinc,","22 Litres,"
PN8636,,
PN8640,,
PN8641,,
PN90147,"Boysenberry,Black,","35 Litres,"
PN19543,,
PN213,,
PN31318,"15mm,","x30cm,x60cm,x120cm,x240cm,"
PN31331,"White,","1.25cm,2.5cm,"
PN31332,,
PN31333,,
PN8155,"All Black,Nikau Green,Bright Violet,","22 litres,"
PN8432,"Black,","Size 2 45 Litres,Size 3 50 Litres,"
PN34071,"Black,Red,Green,Purple,Camo,Silver,Midnight Blue,","Clam pack,"
PN34073,"Blue,Black,Silver,Red,","Clam Pack,"
PN34081,,
PN5573,,
PN5576,,
PN5577,,
PN5578,,
PN5640,,
PN20203,"Bonfire,","Left Zip,"
PN4292,"Black,","Medium,Large,XLarge,"
PN4293,"Black,","Small,Medium,Large,XSmall,"
PN5059,"Dark Granite,Cinder,Sunset Orange,Rocket Red,","Medium,Large,XLarge,"
PN5062,"Black,","Waist 32,Waist 34,Waist 36,"
PN5068,"Dark Azure,Sunset Orange,","Medium,Small,Large,XLarge,"
PN5076,"Black,","Small,Medium,Large,"
PN5077,"Black,Dark Steel,","Small,Medium,Large,XLarge,"
PN6691,"Black,New Team Red,","Small,Medium,Large,XLarge,"
PN6697,"Black,Team Red/Brick,Dark Azure/Navy,","Medium,Small,Large,XLarge,"
PN6701,"Slate/Black,Olive/Slate,Black,","32 Waist Regular Leg,34 Waist Regular Leg,36 Waist Regular Leg,38 Waist Regular Leg,38 Waist Long Leg,32 Waist Long Leg,34 Waist Long Leg,36 Waist Long Leg,"
PN6702,"Vibrant Purple,Green Envy,","Small,Medium,Large,"
PN6703,"Vibrant Purple,Blue Sea,Dark rose,LIPSTICK,Astral Blue,Atomic Blue,","Small,Medium,Large,XLarge,"
PN6705,"Black,Green Envy,","Small,Medium,Large,"
PN6718,"Abstract Green,","Left Zip,Right Zip,"
PN6724,"Hatch,","2 Person,"
PN6725,"Hatch,","3 Person,"
PN7836,"Black,Green Lime,Team Red,","Small,Medium,Large,XLarge,"
PN7837,"Cobalt/Dark Azure,Team Red/Brick,","Medium,Large,"
PN7840,"Black,","32 Waist,34 Waist,36 Waist,"
PN7841,"Black,","Small,Medium,Large,XLarge,"
PN7842,"Black,Dark Azure/Black,","Medium,Large,"
PN7844,"Black,Blue Ink/Navy,","Medium,Large,XLarge,"
PN7845,"Black,","Small,Medium,Large,XLarge,"
PN7846,"Black,","Small,Medium,Large,XLarge,"
PN7848,"Black,","Small,Medium,Large,"
PN7849,"Black,Black/Team Red,Cobalt/Dark Azure,Gator/Green Envy,Green Envy/Bright Berry,","One Size,"
PN7850,"Black,","One Size,"
PN8474,"Atomic Blue/Sapphire,Sunset Orange/Rust,","Small,Medium,Large,XLarge,"
PN8475,"Green Lichen,Team Red,","Small,Medium,Large,XLarge,"
PN8476,"Green Lichen/Greenland,Rocket Red/Team Red,","Small,Medium,Large,XLarge,"
PN8478,"Black,Blue Sapphire,Team Red,","Small,Medium,Large,XLarge,"
PN8479,"Black,","Small,Medium,Large,XLarge,"
PN8480,"Black,Cobalt Blue/Dark Azure,","Small,Medium,Large,XLarge,"
PN8481,"Green Lichen/Greenland,Sunset Orange/Rust,","Small,Medium,Large,XLarge,"
PN8482,"Black,Dark Azure/Navy,","Small,Medium,Large,XLarge,"
PN8483,"Black/Slate,Green Lichen/Greenland,","Small,Medium,Large,XLarge,"
PN8485,"Astral Blue,Sunset Orange,","Small,Medium,Large,"
PN8486,"Black,","Small,Medium,Large,"
PN8487,"Astral Blue/Victory Blue,Green Lime/Green Envy,","Small,Medium,Large,"
PN8488,"Sea Glass/Sea Green,Electric Blue/Purple,","Small,Medium,Large,"
PN8489,"Sea Glass/Sea Green,Electric Blue/Purple,","Small,Medium,Large,"
PN8490,"Sea Glass/Sea Green,Astral Blue/Victory Blue,","Small,Medium,Large,"
PN8493,"Dark Steel/Black,","US4/UK8,US6/UK10,US8/UK12,US10/UK14,"
PN8494,"Dark Steel,Desert Khaki,","US4/UK8,US6/UK10,US8/UK12,US10/UK14,"
PN8498,"Slate Grey/Lime,","Left Zip,"
PN8499,"Slate Grey/Blue,","Left Zip,"
PN8501,"Geen Envy/Lime,","Left Zip,Right Zip,"
PN8503,"Dark Grass/Green Pasture,","Left Zip,Right Zip,"
PN8504,"Abstract Green/Dark Grass,","Left Zip,Right Zip,"
PN8505,"Cobalt Blue/Deep Blue,","Left Zip,Right Zip,"
PN8506,"Ceylon Blue/Lapis,","Left Zip,Right Zip,"
PN8507,"Hatch Green,","2 Person,"
PN8508,"Hatch Green,","4 Person,"
PN20430,"Altloden,","Size 7.5,Size 8,Size 8.5,Size 9,Size 9.5,Size 10,Size 10.5,Size 11,Size 11.5,Size 12,"
PN20436,"Brown,","Size 7.5,Size 8,Size 8.5,Size 9,Size 9.5,Size 10,Size 10.5,Size 11,Size 11.5,Size 12,"
PN280,"Brown,","Size 4,Size 4.5,Size 5,Size 5.5,Size 6,Size 6.5,Size 7,Size 7.5,Size 8,"
PN281,"Mahogony,","Size 7.5,Size 8,Size 8.5,Size 9,Size 9.5,Size 10,Size 10.5,Size 11,Size 11.5,Size 12,"
PN33477,"Blue,","4,4h,5,5h,6,6h,7,7h,8,"
PN33481,"Brown,","7,7h,8,8h,9,9h,10,10h,11,11h,12,"
PN33487,,
PN524,"Anthracite/Green,Green/Grey,","Size 8,Size 8.5,Size 9,Size 9.5,Size 10,Size 10.5,Size 11,Size 11.5,Size 12,"
PN526,"Dark Brown,","Size 8,Size 8.5,Size 9,Size 9.5,Size 10,Size 10.5,Size 11,Size 11.5,Size 12,"
PN528,"Dark Brown,","Size 8,Size 8.5,Size 9,Size 9.5,Size 10,Size 10.5,Size 11,Size 11.5,Size 12,"
PN57497,"Brown,","Size 7.5,Size 8,Size 8.5,Size 9,Size 9.5,Size 10,Size 10.5,Size 11,Size 11.5,"
PN57498,"Brown,Dark Brown,","Size 4.5,Size 5,Size 5.5,Size 6,Size 6.5,Size 7,Size 7.5,Size 8,"
PN70150,"Braun,","Size 4.5,Size 5,Size 5.5,Size 6,Size 6.5,Size 7,Size 7.5,Size 8,Size 4,"
PN57861,"Lake District,Snowdonia,Yorkshire Dales,North York Moors,Peak District,Northumberland,New Forest / South Downs,Dartmoor / Exmoor,Cotswolds,Brecons / Pembrokeshire,Norfolk Broads,","1 CD,"
PN57862,"North Highlands & Skye,South Highlands,Ben Nevis & Glencoe,Cairngorms,Loch Rannoch & Loch Lomond,","1CD,"
PN79030,,
PN7741,"Port,Ivory,Moroccan Spice,Dark Earth,","Size 4,Size 5,Size 6,Size 7,"
PN7853,"Black,","Size 8,Size 8.5,Size 9,Size 9.5,Size 10,Size 10.5,Size 11,Size 12,"
PN7855,"Wine,Mocha,","Size 4,Size 4.5,Size 5,Size 5.5,Size 6,Size 6.5,Size 7,Size 7.5,"
PN8756,"Mocha,Wine,","Size 4,Size 4.5,Size 5,Size 5.5,Size 6,Size 6.5,Size 7,Size 7.5,"
PN5190,"Black/Kiwi,Electric Blue/Steel,Tangerine/Steel,","Medium,Large,XLarge,Small,"
PN5192,"Black/Kiwi,Moroccan Blue/Orange,Alpine Red/Silver,Jelly Bean Green/Yellow,Steel/Orange,","Small,Medium,Large,XLarge,"
PN5193,"Black,Moroccan Blue,","Small,Medium,Large,XLarge,"
PN5682,"Black,Electric Blue,","Medium,Large,XLarge,"
PN5684,"Black,Kiwi,Moroccan Blue,","Small,Medium,Large,XLarge,"
PN5689,"Black,Moroccan Blue,","40 Litres,"
PN5690,"Moroccan Blue,Black,","32 Litres,"
PN7858,"Alpine Red,Electric Blue,","Small,Medium,Large,XLarge,"
PN7859,"Electric Blue,Black,","Small,Medium,Large,XLarge,"
PN7860,"Black,Tangerine,","Small,Medium,Large,XLarge,"
PN7861,"Black,Electric Blue,Kiwi,Shadow,","Small,Medium,Large,XLarge,"
PN7862,"Black,Moroccan Blue,","Small,Medium,Large,XLarge,"
PN7863,"Black,","Small,Medium,Large,XLarge,"
PN7864,"Black,Dahlia,","Small (10),Medium (12),Large (14),"
PN7866,"Black,","Small,Medium,Large,XLarge,"
PN7867,"Black,","Medium,Small,Large,XLarge,"
PN8201,"Shadow/Shadow,Black/Shadow,","Small,Medium,Large,XLarge,"
PN8456,"Moroccan Blue,","Left Zip,"
PN8457,"Electric Blue,","Left Zip,"
PN8458,"Shadow,","Left Zip,"
PN8459,"Alpine Red,Vivid Green,","Medium,Large,XLarge,"
PN8460,"Electric Blue,Shadow,","Small,Medium,Large,XLarge,"
PN8461,"Black Regular,Graphite Regular,Ivy Regular,Black Short,Graphite Short,Black Long,Graphite Long,","Small,Medium,Large,XLarge,"
PN8462,"Electric Blue,Moroccan Blue,","Small,Medium,Large,XLarge,"
PN8463,"Black,","Small,Medium,Large,"
PN8464,"Black,Blue Spark,","Small,Medium,Large,XLarge,"
PN8465,"Black,Moroccan Blue,","Small,Medium,Large,"
PN8466,"Moroccan Blue,Shadow,","Small,Medium,Large,XLarge,"
PN8467,"Black,Electric Blue,","Small,Medium,Large,XLarge,"
PN8468,"Berry,Black,","Small,Medium,Large,"
PN8469,"Shadow Regular,Black Short,Shadow Short,Shadow Long,Black Regular,","Size 10,Size 12,Size 14,Size 16,"
PN8470,"Berry,","Small,Medium,Large,"
PN8471,"Black,Dahlia,","Size 10,Size 12,Size 14,"
PN8472,"Moroccan Blue,Shadow,","6 Litres,"
PN20151,"Black,","Medium,Small,Large,XLarge,"
PN20152,"Black,","Small,Medium,Large,"
PN20165,"Light Ocean,Shadow,Molten Red,Nautilus,","One Size,"
PN20166,"Molten Red,Cayenne,Black,Nautilus,","One Size,"
PN20167,"Earth,Indigo,Vintage Red,Dark Cranberry,Kingfisher,","One Size,"
PN4073,"True Red,Pacific Blue,Shadow Grey,","Size 10,Size 12,Size 14,"
PN4074,"Black,Steel,","32 Waist Regular Leg,34 Waist Regular Leg,36 Waist Regular Leg,38 Waist Regular Leg,32 Waist Long Leg,34 Waist Long Leg,36 Waist Long Leg,38 Waist Long Leg,"
PN5002,"Navy,Black,","Small,Medium,Large,XLarge,XXL,"
PN5003,"Black,","Small,Medium,Large,XLarge,"
PN5006,"Light Ocean,Steel Grey,","Small,Medium,Large,XLarge,"
PN5007,"Light Ocean/Ocean,True Red/Molten Red,Black,","Small,Medium,Large,XLarge,"
PN5009,"Iris,Shadow,Indigo,Black,","Size 8,Size 10,Size 12,Size 14,"
PN5011,"Steel Grey,Enamel Blue,","Size 8,Size 10,Size 12,Size 14,"
PN5016,"Black,","Small,Medium,Large,XLarge,"
PN5019,"Light Ocean/Navy,","Medium,Large,XLarge,Small,"
PN5023,"Shadow Grey/Black,Light Ocean/Navy,","Medium,Small,Large,XLarge,"
PN5030,"Iris/Indigo,","Size 10,Size 12,Size 14,"
PN5038,"Black,","Small,Medium,Large,"
PN5052,"Light Ocean,","Left Zip,Right Zip,"
PN5053,"Light Ocean,","Left Zip,Right Zip,"
PN5730,"Russet,","Left Zip,"
PN5732,"Light Ocean,","Left Zip,"
PN5733,"Neptune/Nautilus,","Left Zip,Right Zip,"
PN5746,"Light Ocean,","Left Zip,Right Zip,"
PN59090,"Russet,","Left zip,Right zip,"
PN59091,"Russet,","Left zip,Right zip,"
PN7886,"Flame/Cayenne,Imperial Red/Crimson,Raven/Black,","Small,Medium,Large,XLarge,"
PN7887,"Flame/Cayenne,Imperial Red/Crimson,Raven/Black,","Small,Medium,Large,XLarge,"
PN7888,"Black,","Small,Medium,Large,XLarge,"
PN7889,"Imperial Red/Crimson,Raven/Black,","Small,Medium,Large,XLarge,"
PN7890,"Imperial Red/Black,","Small,Medium,Large,XLarge,"
PN7892,"Cayenne/Flame,Nautilus/Neptune,","Small,Medium,Large,XLarge,"
PN7893,"Raven,","Small,Medium,Large,XLarge,"
PN7894,"Imperial Red/Crimson,Enamel Blue/Navy,","Size 8,Size 10,Size 12,Size 14,Size 16,"
PN7896,"Indigo/Thistle,","Size 8,Size 10,Size 12,Size 14,Size 16,"
PN7897,"Imperial Red/Black,","Size 8,Size 10,Size 12,Size 14,Size 16,"
PN7899,"Nautilus,Black,Shadow,","Small,Medium,Large,XLarge,"
PN7903,"Black,Nautilus,Shadow,","Small,Medium,Large,XLarge,"
PN7904,"Black,","Small,Medium,Large,XLarge,"
PN7905,"Light Ocean/Navy,Black,","Small,Medium,Large,XLarge,"
PN7906,"Light Ocean,Nautilus,Black,","Small,Medium,Large,XLarge,"
PN7907,"Light Ocean,Black,","Small,Medium,Large,XLarge,"
PN7908,"Black,Indigo,","Size 8,Size 10,Size 12,Size 14,Size 16,"
PN7909,"Black,","Size 8,Size 10,Size 12,Size 14,Size 16,"
PN7910,"Indigo,Shadow Grey,","Size 8,Size 10,Size 12,Size 14,Size 16,"
PN7911,"Indigo,Vintage Red,","Size 8,Size 10,Size 12,Size 14,Size 16,"
PN7913,"Black,Mercury/Steel,","32 Waist Regular Leg,34 Waist Regular Leg,36 Waist Regular Leg,38 Waist Regular Leg,32 Waist Long Leg,34 Waist Long Leg,36 Waist Long Leg,38 Waist Long Leg,"
PN7915,"Black,","Size 8 Regular Leg,Size 10 Regular Leg,Size 12 Regular Leg,Size 14 Regular Leg,Size 16 Regular Leg,"
PN7916,"Nautilus/Graphite,Vintage Red/Graphite,Black/Graphite,","Small,Medium,Large,XLarge,"
PN7919,"Light Ocean/Navy,Imperial Red/Shadow Grey,Cayenne/Flame,Shadow Grey/Black,","Small,Medium,Large,XLarge,"
PN7922,"Steel Grey Stripe,Plum Stripe,","Size 8,Size 10,Size 12,Size 14,Size 16,"
PN7923,"Thistle,Molten Red,Mocha,","Size 8,Size 10,Size 12,Size 14,Size 16,"
PN7927,"Black,","Small,Medium,Large,"
PN7930,"Iris/Indigo,Enamel/Emerald,Alpenglow/Vintage,","One Size,"
PN7932,"Black,","Small/Medium,Large/XLarge,"
PN84115,"Black,Dark Cranberry,Enamel,","Size 10,Size 12,Size 14,"
PN90271,"True Red/Shadow,","Medium,Large,XLarge,small,XXLarge,"
PN19248,,
PN19253,,
PN19255,,
PN19256,,
PN19269,"Yellow,Matt Black,","30 Inches,"
PN19273,"Matt Black,","22 Inches,"
PN19274,"Blue,Matt Graphite,","25 Inches,"
PN19280,,
PN19282,,
PN19283,,
PN19284,,
PN19448,,
PN19450,,
PN19453,,
PN30926,,
PN30929,,
PN30930,,
PN30931,,
PN30935,,
PN30937,,
PN30939,,
PN30940,"Red,","11oz 325ml,20oz 590ml,30oz 887ml,"
PN30964,,
PN30965,,
PN30966,,
PN30967,,
PN31048,,
PN31068,,
PN4118,,
PN4119,,
PN4120,,
PN4121,,
PN4123,,
PN4127,,
PN4128,,
PN4129,,
PN4130,,
PN4131,,
PN4132,,
PN467,,
PN57192,,
PN57196,,
PN57197,,
PN57198,,
PN57201,,
PN57212,,
PN57623,,
PN60425,,
PN60426,,
PN6809,"Red,Grey,Blue,Green,","370 mil,"
PN6813,,
PN6817,,
PN6862,,
PN70331,,
PN70337,,
PN8117,,
PN8731,,
PN8733,,
PN8735,,
PN8736,,
PN8738,"Blue,Green,","One Size,"
PN8739,"Grey,Red,","One Size,"
PN8743,,
PN8744,,
PN8746,"Silver,","3 Person,"
PN8752,,
PN8753,,
PN8754,,
PN8755,,
PN8765,,
PN8768,,
PN8769,,
PN8770,"Matte Black,Gloss White,Brushed Stainless,","750ml,"
PN8771,"Matte Black,Gloss White,Brushed Stainless,","1000ml,"
PN8773,,
PN60332,"Grey,pink,purple,orange,Blue,Just Purple,",
PN60334,"Grey,slate,pink,Clear Pink,",
PN8128,"Blue,","0.6 litres,"
PN8129,"Clear,","0.65 litres,"
PN8130,"Foliage,","1.0 litre,"
PN8132,"Grey,","500ml,"
PN8134,"Black,Blue,","38mm - Narrow Mouth,53mm - Wide Mouth 500ml,63mm - Wide Mouth 1 litre,"
PN8136,,
PN8140,,
PN30481,,
PN30482,,
PN30483,,
PN30484,,
PN30486,,
PN30487,,
PN30491,"Neutral,","300ml,500ml,1 Litre,5 Litre,"
PN30492,"Neutral,","300ml,1 Litre,"
PN30495,"Neutral,","100ml,300ml,1 Litre,5 litres,"
PN30496,,
PN30497,,
PN30498,,
PN30501,,
PN30503,,
PN30504,,
PN57359,,
PN57360,,
PN57361,,
PN57362,,
PN57363,,
PN59082,,
PN90885,,
PN9080,,
PN9082,"White LED,Blue LED,Red LED,Green LED,","One Size,"
PN9089,"Black,Stainless,","One Size,"
PN9090,"Black,Stainless,","One Size,"
PN9091,"Black,Stainless,","One Size,"
PN9092,"Black,Stainless,","One Size,"
PN9093,"Smoke,Lime,Orange,Purple,","One Size,"
PN9094,"Smoke,Lime,Orange,Purple,","One Size,"
PN9095,"Smoke,Lime,Orange,Purple,","One Size,"
PN9096,,
PN9097,"Black,Blue,Red,Lime,Orange,Purple,","One Size,"
PN9098,"Black,Yellow,Lime,Orange,","One Size,"
PN9099,"Black,Yellow,Lime,Orange,","One Size,"
PN9100,"Black,Yellow,Lime,Orange,","One Size,"
PN9101,,
PN31208,,
PN31209,"Clear,","A6,A5,A4,A3,"
PN31210,,
PN110,"black,",
PN8143,,
PN37858,,
PN8813,"Blue,Plum,Grey,","23x51cm,"
PN8814,"Blue,Plum,Grey,","30x76cm,"
PN8815,"Blue,Plum,Grey,","51x92cm,"
PN8816,"Blue,Plum,Grey,","69x127cm,"
PN8817,"Blue,Plum,Grey,","91x150cm,"
PN8598,"Folios Green,Smoked Green,","Small,Medium,Large,XLarge,"
PN8599,"Black,Glass Blue,","Small,Medium,Large,XLarge,"
PN8600,"Black,Wax Red,Glass Blue,","Small,Medium,Large,XLarge,"
PN8601,"Black,Wax Red,Glass Blue,","Small,Medium,Large,XLarge,"
PN8602,"Black,Glass Blue,","Small,Medium,Large,XLarge,"
PN8603,"Black,Smoked Green,","Small,Medium,Large,XLarge,"
PN8604,"Graphite Navy,Wax Red,","Small,Medium,Large,XLarge,"
PN8605,"Black,Tobago Blue,Light Balsamic,","Small,Medium,Large,XLarge,"
PN8606,"Black,Birch White,Jeweled Berry,Tobago Blue,","Small,Medium,Large,XLarge,"
PN8607,"Black,Jeweled Berry,Birch White,","Small,Medium,Large,XLarge,"
PN8608,"Desert Turquoise,Glass Blue,","Small,Medium,Large,XLarge,"
PN8609,"Black,","Small,Medium,Large,XLarge,"
PN8610,"Birch White,Desert Turquoise,","Small,Medium,Large,XLarge,"
PN8611,"Feather Grey,Glass Blue,Folios Green,","Small,Medium,Large,XLarge,"
PN8612,"Catalan Coral,Desert Turquoise,","Small,Medium,Large,XLarge,"
PN8614,"Black,Katagami: Glass Blue,","Small,Medium,Large,"
PN8615,"Black,Sizzling Sun Navy,Sizzling Sun Turquoise,","Small,Medium,Large,XLarge,"
PN8616,"Classic Navy,","Small,Medium,Large,XLarge,"
PN8617,"Black,","Small,Medium,Large,XLarge,"
PN8618,"Black,Glass Blue,White,Eclectic Orange,","90 Litres,"
PN8619,"Black,Feather Grey,Eclectic Orange,","120 Litres,"
PN11050,"Black,","Size 1,Size 2,"
PN11052,"Multi Colour,","One Size,"
PN11053,"Black,","60cm,100cm,150cm,200cm,"
PN19382,"Grey Blue,","S-M,L-XL,"
PN20441,"Mystic Grey,","One Size,"
PN20443,"Grey,Lime,Orange,","One Size,"
PN262,"Yellow,Red,","One Size,"
PN31231,,
PN31243,,
PN39253,,"xs-l,m-xl,"
PN39255,,
PN5666,"Grey,","3xAAA,"
PN56703,,
PN5673,"Orange,","Size 1,Size 2,"
PN5674,"Turquoise/Grey,","S-M,M-L,L-XL,"
PN5675,"Dark Grey/Grey,","S-M,M-L,L-XL,XL-XXL,"
PN5677,,
PN5678,,
PN57731,,
PN70032,,
PN9031,"Ocean Blue,Violet,","60 Lumens,"
PN9032,"Grey,","80 Lumens,"
PN9034,"Grey,Turquoise,","140 Lumens,"
PN9037,"Black,","One Size,"
PN9038,"Grey,","One Size,"
PN9117,"Blue,White,Yellow,","Size 1,Size 2,"
PN31257,"Black,","Small,Large,XLarge,"
PN31340,,
PN4990,,
PN84194,,
PN19446,,
PN4994,,
PN8779,"Blue,Grape,Grey,Red,Trees,Mountains,","0.5 Litres,"
PN8780,"Blue,Red,","0.5 Litres,"
PN8781,"Blue,Grape,Grey,Red,Trees,Mountains,","0.5 Litres,"
PN8782,"Blue,Grape,Grey,Red,Trees,Mountains,","1 Litre,"
PN8783,"Blue,Grey,","1 Litre,"
PN8784,"Blue,Grape,Grey,Red,Trees,Mountains,","1 Litre,"
PN8786,,
PN8788,,
PN8789,,
PN8790,,
PN8791,,
PN8792,,
PN8793,,
PN8794,,
PN8795,,
PN8811,,
PN90172,"Tuareg,Carbide,","Size B,Size C,"
PN8801,"Black,Blue,Yellow,","12V,"
PN8802,,
PN8803,,
PN8804,,
PN9057,,
PN10007,,
PN19329,,
PN39511,,
PN20217,"Black,Beluga,","Size 8,Size 10,Size 12,Size 14,"
PN20241,"Black,","Small,Medium,Large,XLarge,"
PN20248,"Gold/Black,","Small,Medium,Large,"
PN20252,"Black,","Small,Medium,Large,XLarge,"
PN20253,"Black,Charge,","Small,Medium,Large,XLarge,"
PN20261,"Blue,","Small,Medium,Large,XLarge,"
PN34766,"Black,","Medium,Large,XLarge,XXL,"
PN34767,"Gold/Black,","Small,Medium,Large,XL,"
PN39478,"Gold,","Small,Medium,Large,XL,"
PN4230,"Beluga,Jam,","Size 10,Size 8,Size 12,Size 14,"
PN5204,"Black,Electric Blue,Mars Red,Blazon,Beluga,Smoke,Twilight,","Small,Medium,Large,XLarge,"
PN5212,"Black,Blackcurrant,Granite,Blazon,","Size 8,Size 10,Size 12,Size 14,Size 16,"
PN5216,"Beluga,","Size 10,Size 12,Size 14,Size 16,"
PN5221,"Black,Blazon,Mars Red,","Small,Medium,Large,XLarge,"
PN5223,"Black,","Small,Medium,Large,XLarge,"
PN5225,"Indigo,Evergreen,","Medium,Small,Large,Xlarge,"
PN5228,"Maya,Mars Red,Shark,Spring,","Medium,Small,Large,XLarge,"
PN5233,"Rose,Aqua,Iris,","Size 10,Size 12,Size 14,Size 16,Size 8,"
PN5234,"Pluto,","Medium,Large,XLarge,SMALL,"
PN5236,"Black,Blue,Vivid,","Small,Medium,Large,XLarge,XXLarge,"
PN5237,"Black,","Small 30 Inch,Medium 32 Inch,Large 34 Inch,XLarge 36 Inch,XXLarge 38 Inch,"
PN5241,"Black,","Medium 32 Inch,Small 30 Inch,Large 34 Inch,XLarge 36 Inch,"
PN5243,"Black,Dragonfruit,Majestic,Teal,","Size 8,Size 10,Size 12,Size 14,"
PN5247,"Black,Blue,Sulphur,","Medium,Large,XLarge,Small,"
PN5250,"Beluga,Maya,Twilight,","Medium,Large,XLarge,Small,"
PN5253,"Aqua,Dragonfruit,Beluga,Twilight,","Size 10,Size 8,Size 12,Size 14,Size 16,"
PN5256,"Grey,","Medium,Small,Large,XLarge,"
PN5258,"Breaker Blue,Black,","Medium,Small,Large,Xlarge,"
PN5259,"Black,Apple,","Medium,Small,Large,XLarge,"
PN5264,"Black,","Small,Medium,Large,"
PN5266,"Black,","One Size,"
PN5267,"Ocean,Grit,Amethyst,Lime,Sunset,","One Size,"
PN5269,"Marin,","One Size,"
PN5270,"Black,","One Size,"
PN5282,"Henna,","60 Litres,"
PN5283,"Tuareg,","100 Litres,"
PN5579,"Olive,Saffron,","One Size,"
PN5580,,
PN5581,,
PN5582,"Black,Pimento,Blazon,","Small,Medium,Large,XLarge,"
PN5583,"Majestic,Black,Lagoon,Dragonfruit,","Size 10,Size 8,Size 12,Size 14,Size 16,"
PN5587,"Beluga,Zest,Red,","Small,Medium,Large,XLarge,"
PN5590,"Dark Shark,Vivid,Violet,","Size 10,Size 8,Size 12,Size 14,Size 16,"
PN5591,"Beluga,Apple,Maya,Smoke,Twilight,","Small,Medium,Large,XLarge,"
PN5595,"Beluga,Turquoise,","Size 10,Size 8,Size 12,Size 14,Size 16,"
PN5600,"Gobi,","32 Waist,34 Waist,36 Waist,38 Waist,"
PN5610,"Beluga,","Small 30 Inch,Medium 32 Inch,Large 34 Inch,XLarge 36 Inch,XXLarge 38 Inch,"
PN5611,"Beluga,","Size 10,Size 12,Size 8,Size 14,Size 16,"
PN5613,"Black,Beluga,","Medium,Large,XLarge,XXLarge,Small,"
PN70127,"Ecru,Khaki,Marble,","Small,Medium,Large,XLarge,"
PN7200,"Black,Twilight,","Small,Medium,Large,XLarge,"
PN7201,"Black,Twilight,Whale,","Small,Medium,Large,XLarge,"
PN7204,"Slate,","Small 30 inch,Medium 32 inch,Large 34 inch,XLarge 36 inch,XXLarge 38 inch,"
PN7205,"Cherry,Royal,","Small,Medium,Large,"
PN7208,"Black,","Medium,Large,XLarge,XXLarge,"
PN7209,"Beluga,","XSmall,Small,Medium,Large,XLarge,XXLarge,"
PN7210,"Beluga,Black,Tempest,Storm,Mars Red,Twilight,","Small,XSmall,Medium,Large,XLarge,"
PN7211,"Black,Tempest,Twilight,Beluga,Storm,","Small,Medium,Large,XLarge,XXLarge,"
PN7212,"Black,Tempest,","Small,Medium,Large,XLarge,"
PN7213,"Black,Merlin,","Small,Medium,Large,XLarge,"
PN7214,"Black,","Small,Medium,Large,XLarge,"
PN7216,"Cobalt,Grey,","Small,Medium,Large,XLarge,"
PN7217,"Slate,Smoke,Indigo,","Small,Medium,Large,XLarge,XXLarge,"
PN7221,"Black,","Size 8,Size 10,Size 12,Size 14,"
PN7222,"Aubergine,Khaki,Twilight,Black,","Size 8,Size 10,Size 12,Size 14,Size 16,"
PN7223,"Black,Twilight,Orchid,Gargoyle,","Size 10,Size 12,Size 14,Size 16,"
PN7225,"Fjord,Jam,Majestic,","Size 10,Size 8,Size 12,Size 14,Size 16,"
PN7226,"Black,Peat,","Size 8,Size 10,Size 12,Size 14,Size 16,"
PN7228,"Camo,","Size 8,Size 10,Size 12,Size 14,"
PN7229,"Vivid,Black,","Size 8,Size 10,Size 12,Size 14,Size 16,"
PN7230,"Black,","Size 8,Size 10,Size 12,Size 14,Size 16,"
PN7231,"Ebony,Ink,","Size 10,Size 12,Size 14,"
PN7232,"Ink,Kiwi,Ebony,","Small,Medium,Large,XLarge,"
PN80327,"Black,Dark Shark,","Small,Medium,Large,"
PN8121,"Apple,Ebony,Ink,","Small,Medium,Large,XLarge,"
PN8122,"Merlin,Ebony,","Size 10,Size 8,Size 12,Size 14,"
PN8141,"Ebony,","Size 8,Size 10,Size 12,Size 14,"
PN8335,"Formula One,","Left Zip,"
PN8337,"Satsuma,","Left Zip,"
PN8339,"Smoke/Fiery Red,","Left Zip,Right Zip,"
PN8340,"Smoke/Vivid,","Left Zip,Right Zip,"
PN8341,"Smoke,","Left Zip,Right Zip,"
PN8343,"Fiery Red,","Left Zip,Right Zip,"
PN8344,"Vivid,","Left Zip,Right Zip,"
PN8345,"Petal,","Left Zip,Right Zip,"
PN8346,"Persimmon,","Left Zip,Right Zip,"
PN8347,"Persimmon,","Left Zip,Right Zip,"
PN8348,"Chilli Powder,","Left Zip,Right Zip,"
PN8349,"Azure,","Left Zip,Right Zip,"
PN8351,"Leaf,","Left Zip,Right Zip,"
PN8352,"Shadow,","Left Zip,Right Zip,"
PN8353,"Shadow,","Left Zip,Right Zip,"
PN8356,"Blue,","One Size,"
PN8357,"Various Colours,","One Size,"
PN8358,"Blue,","One Size,"
PN8359,"Sunshine,Olive,","One Size,"
PN8366,"Beluga,Neptune,","Small,Medium,Large,XLarge,"
PN8367,"Beluga,Maya,Pimento,","Small,Medium,Large,XLarge,XXLarge,"
PN8368,"Black,","30 Waist,32 Waist,34 Waist,36 Waist,38 Waist,"
PN8369,"Black,Apple,","Small,Medium,Large,XLarge,"
PN8372,"Quince,Iris,","Size 10,Size 12,Size 14,"
PN8375,"Twilight,Beluga,","Small,Medium,Large,XLarge,"
PN8377,"Breaker,Mineral,","Small,Medium,Large,XLarge,"
PN8378,"Beluga,Quince,Breaker,Mineral,Burnt Umber,","Small,Medium,Large,XLarge,XXLarge,"
PN8379,"Beluga,Quince,","Small,Medium,Large,XLarge,"
PN8380,"Black Short Leg,Black Regular Leg,Black Long Leg,","30 Waist,32 Waist,34 Waist,36 Waist,38 Waist,"
PN8381,"Red,Beluga,Spring,","M-32 Waist,L-34 Waist,XL-36 Waist,"
PN8382,"Beluga Short Leg,Beluga Regular Leg,Beluga Long Leg,","32 Waist,34 Waist,36 Waist,"
PN8383,"Beluga Short Leg,Beluga Regular Leg,Beluga Long Leg,","Size 8,Size 10,Size 12,Size 14,Size 16,"
PN8384,"Gargoyle,Breaker,","Small,Medium,Large,XLarge,"
PN8385,"Beluga,","Small,Medium,Large,XLarge,"
PN8386,"Beluga,Merlin,Spring Green,Cayenne,Ink,","Small,Medium,Large,XLarge,"
PN8387,"Beluga,Aegean,","Size 8,Size 10,Size 12,Size 14,"
PN8388,"Majestic,","Size 8,Size 10,Size 12,Size 14,"
PN8389,"Ebony,Lupin,Merlin,","Size 8,Size 10,Size 12,Size 14,"
PN8390,"Maya,Mineral,Beluga,","Small,Medium,Large,XLarge,"
PN8391,"Aqua,Twilight,","Size 10,Size 12,Size 14,"
PN8392,"Beluga,","Size 10,Size 12,Size 14,"
PN8393,"Slate,Breaker,Poison,","Size 10,Size 12,Size 14,"
PN8395,"Black,","Size 10,Size 12,Size 14,"
PN8396,"Aubergine,Khaki,","Size 10,Size 12,Size 14,Size 16,"
PN8397,"Black/Red,","Small,Medium,Large,"
PN8398,"Black,","Small,Medium,Large,XLarge,"
PN8399,"Black,","Medium,Large,XLarge,"
PN8400,"Black,Apple,Carmine,","One Size,"
PN8401,"Black,","One Size,"
PN8402,"Black,","Medium,Large,XLarge,"
PN8403,"Black,Indigo,","One Size,"
PN8404,"Ink,Beluga,","Small,Medium,Large,"
PN90880,"Black,Dark Shark,","Medium,Large,SMALL,"
PN20494,"Red,","Size 3,Size 3.5,Size 4,Size 4.5,Size 5,Size 5.5,Size 6,Size 6.5,Size 7,Size 7.5,Size 8,Size 8.5,Size 9,Size 9.5,Size 10,Size 10.5,Size 11,Size 11.5,Size 12,"
PN90187,"Blue,","Size 4,Size 4.5,Size 5,Size 5.5,Size 6,Size 6.5,Size 7,Size 7.5,Size 8,Size 8.5,Size 9,Size 9.5,Size 10,Size 10.5,Size 11,Size 11.5,Size 12,"
PN90188,"Blue,","Size 4,Size 4.5,Size 5,Size 5.5,Size 6,Size 6.5,Size 7,Size 7.5,Size 8,Size 8.5,Size 9,Size 9.5,Size 10,Size 10.5,Size 11,Size 11.5,Size 12,"
PN7747,"Shrew/Burro,Bordeaux/Black/Orange,Titanium/Dark/Bordeaux,","Size 4.5,Size 5,Size 5.5,Size 6,Size 6.5,Size 7,Size 7.5,Size 8,"
PN7749,"Pewter/Asphalt,","Size 4.5,Size 5,Size 5.5,Size 6,Size 6.5,Size 7,Size 7.5,Size 8,"
PN7750,"Pewter/Autobahn,","Size 8,Size 8.5,Size 9,Size 9.5,Size 10,Size 10.5,Size 11,Size 11.5,Size 12,Size 12.5,"
PN8582,"S Green/TT/Black,","Size 8,Size 8.5,Size 9,Size 9.5,Size 10,Size 10.5,Size 11,Size 11.5,Size 12,"
PN8583,"Light TT/TT/Lizard Green,Mystic Purple/Bordeaux/Pink,","Size 4,Size 4.5,Size 5,Size 5.5,Size 6,Size 6.5,Size 7,Size 7.5,Size 8,"
PN8584,"Swamp/Asphalt/Red,TT/Asphalt/Titanium,","Size 7,Size 7.5,Size 8,Size 8.5,Size 9,Size 9.5,Size 10,Size 10.5,Size 11,Size 11.5,Size 12,Size 12.5,Size 13.5,"
PN8585,"Black/Orange/Yellow,Lake/Fluo Green/Blue,","Size 7,Size 8,Size 8.5,Size 9,Size 9.5,Size 10,Size 10.5,Size 11,Size 11.5,Size 12,"
PN8587,"Mystic Purple/Black/Yellow,","Size 4,Size 4.5,Size 5,Size 5.5,Size 6,Size 6.5,Size 7,Size 7.5,Size 8,"
PN8588,"Asphalt/Black/Purple,Grey/Vapour/Glacier,","Size 4,Size 4.5,Size 5,Size 5.5,Size 6,Size 6.5,Size 7,Size 7.5,Size 8,"
PN8589,"Black/Blue,Detroit/Autobahn,","Size 7,Size 7.5,Size 8,Size 8.5,Size 9,Size 9.5,Size 10,Size 10.5,Size 11,Size 11.5,Size 12,"
PN19372,"Orange,","Size 38,Size 38.5,Size 39,Size 39.5,Size 40,Size 40.5,Size 41,Size 41.5,Size 42,Size 42.5,Size 43,Size 43.5,Size 44,Size 44.5,Size 45,"
PN20409,"Mud,","Size 42,Size 43,Size 44,Size 45,Size 46,Size 47,Size 48,"
PN20410,"Cinder,","Size 37,Size 38,Size 39,Size 40,Size 41,Size 42,"
PN20411,"Ebony,","Size 42,Size 43,Size 44,Size 45,Size 46,Size 47,Size 48,"
PN20413,"Brown,","Size 42,Size 43,Size 44,Size 45,Size 46,Size 47,Size 48,"
PN20414,"Bordo,","Size 42,Size 43,Size 44,Size 45,Size 46,Size 47,Size 48,"
PN20424,"Grey/Lime,","Size 40,Size 41,Size 42,Size 43,Size 44,Size 45,Size 46,Size 47,Size 48,"
PN20425,"Grey/Plum,","Size 36,Size 37,Size 38,Size 39,Size 40,Size 41,Size 42,"
PN20426,"Smoke/Parrot,","Size 41,Size 42,Size 43,Size 44,Size 45,Size 46,Size 47,Size 48,"
PN20427,"Pewter/Plum,","Size 37,Size 38,Size 39,Size 40,Size 41,"
PN20428,"Smoke/Parrot,","Size 41,Size 42,Size 43,Size 44,Size 45,Size 46,Size 47,Size 48,Size 40,"
PN20429,"Pewter/Plum,","Size 37,Size 38,Size 39,Size 40,Size 41,Size 36,"
PN39682,,"4H,5,5H,6,6H,7,7H,8,8H,9,9H,10,10H,11,11H,12,12H,13,"
PN5287,"Green/Grey,","Size 270,Size 275,Size 280,Size 285,Size 290,Size 295,Size 300,Size 305,"
PN5400,"Anthracite/Spring,","Size 41,Size 42,Size 43,Size 44,Size 45,Size 46,Size 47,Size 48,"
PN5401,"Anthracite/Dhalia,","Size 37,Size 38,Size 39,Size 40,Size 41,Size 42,"
PN5402,"Shark/Navy,","Size 41,Size 42,Size 43,Size 44,Size 45,Size 46,Size 47,Size 48,"
PN5403,"Anthracite/Turq,","Size 37,Size 38,Size 39,Size 40,Size 41,Size 42,"
PN5405,"Blue/Grey,","Size 41,Size 42,Size 43,Size 44,Size 45,Size 46,Size 47,Size 48,Size 43.5,"
PN5406,"Lipgloss/Grey,","Size 35,Size 36,Size 37,Size 38,Size 39,Size 40,Size 41,"
PN5411,"Dhalia,Lime,Turquoise,","Size 37,Size 38,Size 39,Size 40,Size 41,Size 42,"
PN5412,"Ocean,Coffee,Lime,","Size 41,Size 42,Size 43,Size 44,Size 45,Size 46,Size 47,Size 48,"
PN5417,"Orange,","Size 41,Size 42,Size 43,Size 44,Size 45,Size 46,Size 47,Size 48,"
PN5419,"Orange,","Size 41,Size 42,Size 43,Size 44,Size 45,Size 46,Size 47,Size 48,"
PN60078,,"41,42,43,44,45,46,47,48,"
PN60079,,"38,38H,39,39H,40,40H,41,42,41H,"
PN70474,"Orange,","Size 42,Size 38,Size 39,Size 43,Size 44,Size 45,Size 46,Size 47,Size 48,"
PN70475,"Kiwi,","Size 39.5,Size 40,Size 40.5,Size 41,Size 38,Size 39,"
PN70476,"Orange,","Size 42,Size 42.5,Size 43,Size 43.5,Size 44,Size 44.5,Size 45,Size 45.5,Size 46,Size 47,Size 48,Size 46.5,size 47.5,"
PN70479,"Orange,","Size 43,Size 43.5,Size 44,Size 44.5,Size 45,Size 45.5,Size 46,Size 47,Size 48,Size 46.5,size 42.5,Size 47.5,"
PN7879,"Navy,","Size 41,Size 42,Size 43,Size 44,Size 45,Size 46,Size 47,Size 48,Size 49,Size 50,"
PN7880,"Orange,","Size 41,Size 42,Size 43,Size 44,Size 45,Size 46,Size 47,Size 48,"
PN7881,"Coffee,Graphite,","Size 41,Size 42,Size 43,Size 44,Size 45,Size 46,Size 47,"
PN8448,"Azure/Orange,","Size 42,Size 41,Size 43,Size 44,Size 45,Size 46,Size 47,Size 48,"
PN8449,"Cherry/Lime,","Size 39,Size 40,Size 41,Size 42,Size 38,Size 37,"
PN8451,"Grey/Orange,","Size 42,Size 41,Size 43,Size 44,Size 45,Size 46,Size 47,Size 48,"
PN8452,"Shark/Turquoise,","Size 39,Size 40,Size 41,Size 37,Size 38,Size 42,"
PN9198,"Brown,","41,42,43,44,45,46,47,48,"
PN9199,"Brown,","36,37,38,39,40,41,42,"
PN9200,"Anthracite-Dahlia,","Size 36,Size 37,Size 38,Size 39,Size 40,Size 41,Size 42,"
PN9201,"Graphite,","Size 41,Size 42,Size 43,Size 44,Size 45,Size 46,Size 47,Size 48,"
PN9203,"Dark Brown,","Size 37,Size 38,Size 39,Size 40,Size 41,Size 42,"
PN9204,"Turquoise,","Size 36,Size 37,Size 38,Size 39,Size 40,Size 41,Size 42,"
PN57163,,
PN70812,,
PN70813,,
PN70814,,
PN8190,"Power Pink,Pure White,","with case,"
PN8193,,
PN19559,"Red,Dark Blue,Alu,Black,Swiss Quality,","0.6 Litres,"
PN19455,,
PN30536,,
PN30542,,
PN39606,,
PN4491,,
PN4493,,
PN30040,"Red,","3-4h,5-6h,7,8,9,10,11-12h,"
PN30041,"Red,","3-4h,5-6h,7,8,9,10,11-12h,"
PN30042,"Red,","3-4h,5-6h,7,8,9,10,11-12h,"
PN30043,"Red,","3-5,6-8,9-13,"
PN57856,"Red/Grey,","Size 3 to 4.5,Size 5 to 6.5,Size 7,Size 8,Size 9,Size 10,Size 11 to 12.5,"
PN19576,,
PN80043,,
PN9147,,
PN9148,,
PN9149,,
PN9150,,
PN9151,,
PN9152,,
PN9153,,
PN9154,,
PN9155,,
PN9156,,
PN9157,,
PN9125,"Black,","Small,Medium,Large,XLarge,"
PN9126,"Black,","XSmall,Small,Medium,Large,"
PN9184,"Grey,","Small,Medium,Large,XLarge,"
PN9185,"Grey,","Small,Medium,Large,XLarge,"
PN9186,"Black,","Small,Medium,Large,XLarge,"
PN9187,"Black,","Small,Medium,Large,XLarge,"
PN9188,"Black,","Small,Medium,Large,XLarge,"
PN9189,"Grey,","Small,Medium,Large,XLarge,"
PN11025,"Grey,","C Size 4.5-6,D Size 6.5-8,E Size 8.5-10,F Size 10.5-12,G Size 12.5-14,"
PN57354,"Green,","C Size 4.5-6,D Size 6.5-8,E Size 8.5-10,F Size 10.5-12,G Size 12.5-14,"
PN57355,"Blue,","C Size 4.5-6,D Size 6.5-8,E Size 8.5-10,F Size 10.5-12,G Size 12.5-14,"
PN30039,,
PN465,,
PN5498,,
PN20540,,
PN20541,,
PN20542,,
PN35035,,
PN35042,,
PN35053,,
PN35054,,
PN38727,,
PN5641,"Green,Red,","2 Person,"
PN5644,"Green,Red,","2 Person,"
PN5645,"Green,Red,","3 Person,"
PN5646,"Green,Red,","3 Person,"
PN5651,"Green,Red,","One Person,"
PN70598,,
PN8309,"Red,Green,","2 Person,"
PN8312,"Red,Green,","4 Person,"
PN8322,,
PN8323,,
PN8324,,
PN8325,,
PN8332,,
PN84036,"Black,","Small/Medium,Large/XLarge,"
PN8590,"Brown,","US8 - UK7,US9 - UK8,US10 - UK9,US11 - UK10,US12 - UK11,US13 - UK12,"
PN8591,"Guell Blue,","US8 - UK7,US9 - UK8,US10 - UK9,US11 - UK10,US12 - UK11,US13 - UK12,"
PN8592,"Double Zipper Blue,","US6 - UK4,US7 - UK5,US8 - UK6,US9 - UK7,US10 - UK8,"
PN8593,"Bungee Cord,","US8 - UK7,US9 - UK8,US10 - UK9,US11 - UK10,US12 - UK11,US13 - UK12,"
PN8594,"Turkish Coffee,","US8 - UK7,US9 - UK8,US10 - UK9,US11 - UK10,US12 - UK11,US13 - UK12,"
PN8595,"Madang Blue,","US8 - UK7,US9 - UK8,US10 - UK9,US11 - UK10,US12 - UK11,US13 - UK12,"
PN8596,"Slate/Teal,","US6 - UK4,US7 - UK5,US8 - UK6,US9 - UK7,US10 - UK8,"
PN8597,"Rust,","US6 - UK4,US7 - UK5,US8 - UK6,US9 - UK7,US10 - UK8,"
PN10121,"TNF Black,","Small,Medium,Large,XLarge,"
PN11001,"Jaiden Green,TNF Black,","Small,Medium,Large,XLarge,"
PN11006,"TNF Black,TNF Red/Asphalt Grey,Asphalt Grey/Zinc Grey,Nautical Blue/Cosmic Blue,","27 litres,"
PN11007,"TNF Black,Cosmic Blue/Louie Blue,","75 litres,"
PN11009,"TNF Black,Cosmic Blue/Louie Blue,","40 litres,"
PN11010,"Dune Beige,","US4=UK8,US6=UK10,US8=UK12,US10=UK14,US12=UK16,"
PN11047,"Brown,","US7=UK5,US7.5=UK5.5,US8=UK6,US8.5=UK6.5,US9=UK7,US9.5=UK7.5,"
PN20010,"Black,Cosmic Blue/Louie Blue,","88 Litres,"
PN20012,"TNF Black,TNF Red/Black,TNF Yellow/Black,Thorn Green,summit gold,Azalea Pink/Fire Red,Cone Orange/Zinnia Orange,Jaiden Green Duckmo Print,Storm Blue/Fire Red,","25 Litres,"
PN20096,"Black,","Medium,Large,XLarge,"
PN4400,"Black Regular Leg,Black Short Leg,Black Long Leg,","Small,Medium,Large,XLarge,"
PN4464,"Deep Water Blue,","US 6 - UK 4,US 7 - UK 5,US 8 - UK 6,US 9 - UK 7,"
PN468,"Black/Red,","US9 / UK8,US9.5 / UK8.5,US10 / UK9,US10.5 / UK9.5,US11 / UK10,US11.5 / UK10.5,US12 / UK11,US12.5 / UK11.5,US13 / UK12,US14 / UK13,"
PN506,"Black,Burnt Olive/Safety Green,Jaiden Green Duckmo Print,Storm Blue/Fire Red,","30 Litres,"
PN5105,"Black,coffee brown,Cosmic Blue,Anchorage Green/Sage,","32 Litres,"
PN5115,"TNF Black,TNF Red,nautical blue,Azalea Pink/Fire Brick,Burnt Olive Green/Safety Green,Jaiden Green Duckmo Print,Storm Blue/Fire Brick,","3.5 Litres,"
PN5116,"TNF Black,TNF Red,Storm Blue/Fire Brick Red,","One Size,"
PN5134,"TNF Black,White,Estate Blue,","Small,Medium,Large,XLarge,XSmall,"
PN5139,"Athens Blue,Black,","Small,Medium,Large,XLarge,"
PN5144,"Barberry Pink,Black,","Small,Medium,Large,"
PN5145,"Deep Water Blue,Asphalt Grey,Bolt Blue,Black,Nautical Blue,","Small,Medium,Large,XLarge,XXLarge,"
PN5146,"Prussian Blue/Asphalt,TNF Red,","Medium,Small,Large,XLarge,"
PN5150,"Black,Nautical Blue,Nottingham Green,","Small,Medium,Large,XLarge,"
PN5152,"Bittersweet Brown,Fig Green,Asphalt Grey,","Small,Medium,Large,XLarge,XXLarge,"
PN5153,"Asphalt Grey,Black,","Small,Medium,Large,XLarge,"
PN5155,"Bittersweet Brown,TNF Black,Flamenco Blue,Cosmic Blue,Spicy Orange,Greystone Blue,Brilliant Blue,","Small,Medium,Large,XSmall,XLarge,"
PN5160,"TNF Black,Brownie Brown,Brilliant Blue,","Small,Medium,Large,XLarge,XSmall,"
PN5161,"Greystone Blue,Brilliant Blue,TNF Black,TNF White,Cosmic Blue/Spicy Orange,Bittersweet Brown,","Small,Medium,Large,XLarge,XSmall,"
PN5166,"Cosmic Blue,","Medium,Small,Large,XLarge,"
PN5169,"Black,","Small/Medium,Large/XLarge,"
PN5170,"TNF Black,Zinc Grey,","Small/Medium,Large/XLarge,"
PN5171,"TNF Black,Moonlight Ivory,Prussian Blue,","One Size,"
PN5172,"Noah Green,TNF Black,Cosmic Blue,","One Size,"
PN5173,"Asphalt Grey,Noah Green,TNF Black,Passion Pink,Nautical Blue,Cosmic Blue,Biking Red,","One Size,"
PN5176,"TNF Black/Red,Black,Cosmic Blue,","One Size,"
PN5177,"Vapourous Grey,TNF Black,Vintage White,Greystone Blue,British Khaki,","One Size,"
PN5182,"TNF Black,","Medium,Small,Large,XLarge,"
PN5185,"TNF Black,","Small,Medium,Large,"
PN56847,"Black,","Small,Medium,Large,XLarge,"
PN6630,"Black/Red,","US9 - UK8,US9.5 - UK8.5,US10 - UK9,US10.5 - UK9.5,US11 - UK10,US11.5 - UK10.5,US12 - UK11,US13 - UK12,US12.5 - UK11.5,"
PN6632,"Grand Purple/Fuschia Pink,Classic Khaki/Chiffon Yellow,","US7=UK5,US6=UK4,US6.5=UK4.5,US7.5=UK5.5,US8=UK6,US8.5=UK6.5,US9=UK7,US9.5=UK7.5,US10=UK8,"
PN6634,"Black/Pink,Grand Purple/Fuschia,Dark Gull/Fortuna,","US7 - UK5,US7.5 - UK5.5,US8 - UK6,US8.5 - UK6.5,US9 - UK7,US9.5 - UK7.5,"
PN6635,"Taupe/Citronelle,","US9 - UK8,US9.5 - UK8.5,US10 - UK9,US10.5 - UK9.5,US11 - UK10,US11.5 - UK10.5,US12 - UK11,US13 - UK12,US12.5 - UK11.5,"
PN6636,"Black/Pink,","US7 - UK5,US7.5 - UK5.5,US8 - UK6,US8.5 - UK6.5,US9 - UK7,US9.5 - UK7.5,US10 - UK8,"
PN6638,"Dune Beige/Asphalt Grey,","S/M Back,L/XL Back,"
PN6648,"TNF Black,Cosmic Blue/Asphalt Grey,","41 Litres,"
PN6649,"TNF Black,Nautical Blue,Cosmic Blue/Louie Blue,","32 Litres,"
PN6657,"Asphalt Grey,","Right Zip,"
PN6658,"Asphalt Grey,","Right Zip,"
PN6662,"Sunshine,","Right Zip,"
PN6663,"Sunshine,","Right Zip,"
PN6700,"TNF Black,TNF Red/Asphalt,Anchorage Green/Sage,Summit Gold Ripstop,Cosmic Blue/Fiery Red,","32 litres,"
PN6803,"Louie Blue/Estate Blue,TNF Black/Vanadis Grey,","Small,Medium,Large,XLarge,"
PN70427,"Black,Nautical blue,Cosmic Blue/Louie Blue,","73 Litres,"
PN7963,"TNF Black,Graphite Grey/Beach Glass Green,Lavendula Purple/Safety Green,","25 Litres,"
PN7964,"TNF Black,Anchorage Green/Sage,TNF Red/Asphalt Grey,Cosmic Blue/Fiery Red,Tree Frog Green/Grey,Cosmic Blue/Asphalt,Summit Gold Ripstop,","29 Litres,"
PN7965,"TNF Black,","72 Litres,"
PN7966,"TNF Black,Cosmic Blue/Grey,Burnt Olive Green/Safety Green,","29 Litres,"
PN7967,"TNF Black,Spicy Orange/Sage,Cosmic Blue/Grey,Burnt Olive Green/Safety Green,Jaiden Green Duckmo Print,Storm Blue/Fire Brick,","20 Litres,"
PN7968,"TNF Black,","32 Litres,"
PN7971,"TNF Black,Spicy Orange/Sage,Cosmic Blue/Grey,Burnt Olive Green,Jaiden Green Duckmo Print,Storm Blue/Fire Red,","11 Litres,"
PN7972,"TNF Black/Red,","Size 9 US,Size 9.5 US,Size 10 US,Size 10.5 US,Size 11 US,Size 11.5 US,Size 12 US,Size 12.5 US,Size 13 US,"
PN7973,"TNF Black,","XSmall,Small,Medium,Large,"
PN7974,"Black,","Small,Medium,Large,XLarge,"
PN7976,"TNF Black,","Small,Medium,Large,"
PN7977,"TNF Black,TNF White,Greystone Blue,Spicy Orange,","One Size,"
PN7978,"Estate Blue/Spicy Orange,","One Size,"
PN7979,"Utility Brown/Black,","Medium,Large,XLarge,"
PN7980,"TNF Black,","Small,Medium,Large,"
PN7981,"TNF Black,","Small,Medium,Large,XLarge,"
PN7982,"TNF Black,","Medium,Large,XLarge,"
PN7984,"Pache Grey/Black,","One Size,"
PN7985,"TNF Black/White,","Size 10.5 US,Size 11 US,Size 11.5 US,Size 12 US,Size 12.5 US,Size 13 US,"
PN7988,"Brown Plaid,Shiny Moonlight Ivory,Baroque Purple,","Small,XSmall,Medium,"
PN7993,"TNF Black,Nautical Blue,Pavilion Green,","Small,Medium,Large,XLarge,"
PN7994,"TNF Black,","32 Waist,34 Waist,36 Waist,"
PN7995,"TNF Black,Dark Navy Blue,Merlot Red,Vintage White,","Small,Medium,Large,XLarge,"
PN7996,"TNF Black,Fig Green,British Khaki,Spicy Orange,Charcoal Grey Heather,","Small,Medium,Large,XLarge,"
PN7997,"TNF Black,Fig Green,Dark Navy Blue,Graphite Grey,","Small,Medium,Large,XLarge,"
PN7998,"TNF Black,Dark Navy Blue,","XSmall,Small,Medium,Large,"
PN7999,"TNF Black,Dark Navy Blue,Vintage White,Graphite Grey,","Small,XSmall,Medium,Large,XLarge,"
PN8000,"TNF Black,Dark Navy Blue,Merlot Red,","Small,Medium,Large,XLarge,"
PN8001,"TNF Black,Dark Navy,Vintage White,","Small,Medium,Large,XLarge,"
PN8002,"Fig Green,British Khaki,Dark Navy Blue,","Small,Medium,Large,XLarge,"
PN8005,"TNF Black,Dark Navy Blue,","Small,Medium,Large,XLarge,"
PN8009,"TNF Black,Cosmic Blue,","Small,Medium,Large,XLarge,"
PN8012,"Spicy Orange,Borealis Blue,","Small,Medium,Large,"
PN8015,"TNF Black/Blue Aster,TNF Yellow,TNF Black,","Small,Medium,Large,"
PN8017,"TNF Black/Blue Aster,","Small/Medium,Medium/Large,"
PN8018,"Summit Gold,","Small,Medium,Large,XLarge,"
PN8019,"Prussian Blue,TNF Red,Graphite Grey Heather,Cosmic Blue,TNF Black,Nautical Blue,Vanadis Grey,Drummer Blue,Scallion Green,","Small,Medium,Large,XLarge,XXLarge,"
PN8020,"TNF Black,TNF Red,","Small,Medium,Large,XLarge,XXLarge,"
PN8021,"TNF Black,","Small,Medium,Large,"
PN8027,"Sulphur Spring Green,TNF Black,","Small,Medium,Large,XLarge,"
PN8033,"Cosmic Blue/Vanadis Grey,TNF Red/Vanadis Grey,TNF Black,Vanadis Grey/TNF Black,","Small,Medium,Large,XLarge,XXLarge,"
PN8034,"Graphite Grey Heather,Cosmic Blue Heather,","Small,Medium,Large,XLarge,"
PN8035,"TNF Black/Red,TNF Black/Dark Shadow,Estate Blue/Cosmic Blue,","US8=UK7,US8.5=UK7.5,US9=UK8,US9.5=UK8.5,US10=UK9,US10.5=UK9.5,US11=UK10,US11.5=UK10.5,US12=UK11,US12.5=UK11.5,US13=UK12,"
PN8039,"Majestic Red/TNF White,TNF Black,","Small,Medium,Large,XLarge,"
PN8041,"Firefly Green,Estate Blue,","Small,Medium,Large,"
PN8044,"Black,","Medium,Large,XLarge,"
PN8046,"Firefly Green,TNF Red,Fiery Red,TNF Black/Vanadis Grey,","Small,Medium,Large,"
PN8047,"TNF Black,Vanadis Grey,","32 Waist,30 Waist,34 Waist,36 Waist,"
PN8049,"Majestic Red,","Small,Medium,Large,XLarge,"
PN8050,"TNF Yellow,Pavilion Green,TNF Black,","Small,Medium,Large,XLarge,"
PN8052,"Vanadis Grey,Firefly Green,","Small,Medium,Large,"
PN8053,"Black,","Medium,Large,XLarge,"
PN8054,"Bomber Blue,TNF Black,Dark Sage,","Small,Medium,Large,"
PN8057,"Moonlight Ivory,Passion Pink,Graphite Grey Heather,Brilliant Blue,TNF Black,Jaiden Green,Marker Blue,Vanadis Grey,","Small,Medium,Large,XLarge,"
PN8058,"Passion Pink,TNF Black,Jaiden Green,","Small,Medium,Large,XLarge,"
PN8059,"Black,","Small,Medium,Large,"
PN8060,"Vintage White,Dark Sage Green,Black,","XSmall,Small,Medium,Large,"
PN8061,"Borealis Blue,Estate Blue,Black,","XSmall,Small,Medium,Large,"
PN8064,"Prussian Blue,Greystone Blue,Black,","XSmall,Small,Medium,Large,"
PN8065,"Marker Blue,TNF Black,","Small,Medium,Large,"
PN8066,"Prussian Blue,Dark Navy Blue,Spicy Orange,","XSmall,Small,Medium,Large,"
PN8067,"Borealis Blue,TNF White,Black,","XSmall,Small,Medium,Large,"
PN8068,"Black,","Small,Medium,Large,XLarge,"
PN8069,"Dark Sage Green,Black,Estate Blue,","XSmall,Small,Medium,Large,"
PN8073,"Borealis Blue,Black,","Small,Medium,Large,"
PN8074,"Ultramarine Blue,","US6 = UK10,US8 = UK12,US10 = UK14,"
PN8076,"Fudge Brown Heather,Jaiden Green Heather,Lavendula Purple Heather,","Small,Medium,Large,XLarge,"
PN8077,"Prussian Blue,Black,","XSmall,Small,Medium,Large,"
PN8078,"Greystone,","Small,Medium,Large,"
PN8080,"Astral Aura Blue,","US6 = UK10,US8 = UK12,US10 = UK14,"
PN8081,"Borealis Blue,TNF Black,","Small,Medium,Large,"
PN8082,"TNF Black,","Small,Medium,Large,XLarge,"
PN8083,"Dark Navy Blue,TNF Black,","XSmall,Small,Medium,Large,"
PN8084,"Black,","Small,Medium,Large,"
PN8086,"Greystone Blue,Black,","Small,Medium,Large,XLarge,"
PN8934,"Striker Blue/Zinc Grey,","Left Zip,Right Zip,"
PN8938,"Dune Beige,","One Size,"
PN8939,"Azalea Pink/Fire Red,Burnt Olive Green,Jaiden Green Duckmo Print,Storm Blue/Fire Red,TNF Black,TNF Red/Black,","One Size,"
PN8941,"Asphalt Grey,","Left Zip,Right Zip,"
PN8942,"Asphalt Grey,","Left Zip,Right Zip,"
PN8944,"Dune Beige,Pache Grey,","Small/Medium,"
PN8946,"Dune Beige,New Taupe Green,","Small/Medium,"
PN8947,"Asphalt Grey,TNF Black,","One Size,"
PN8948,"Cosmic Blue,TNF Black,","Small,Medium,Large,XLarge,"
PN8949,"Loiue Blue/Estate Blue,Tree Frog Green/Flashlight,","Small,Medium,Large,XLarge,"
PN8950,"Dark Indigo,","30 Waist,32 Waist,34 Waist,"
PN8951,"Louie Blue/Estate Blue,TNF Black,","Medium,Large,XLarge,"
PN8952,"Drummer Blue,TNF Red,Vanadis Grey,TNF Black,","Small,Medium,Large,XLarge,"
PN8954,"Louie Blue/Estate Blue,","Small,Medium,Large,XLarge,"
PN8955,"TNF Black,Louie Blue,","Small,Medium,Large,XLarge,XXLarge,"
PN8957,"TNF Black,TNF Red,","Small,Medium,Large,XLarge,"
PN8958,"Estate Blue,","Small,Medium,Large,XLarge,"
PN8960,"Asphalt Grey,New Taupe Green,","30 Waist,32 Waist,34 Waist,36 Waist,"
PN8961,"Asphalt Grey,New Taupe Green,","30 Waist,32 Waist,34 Waist,36 Waist,"
PN8962,"Asphalt Grey,Dune Beige,New Taupe Green,","30 Waist,32 Waist,34 Waist,36 Waist,"
PN8963,"Louie Blue,TNF Black,","Small,Medium,Large,XLarge,"
PN8964,"TNF Black,","Medium,Large,XLarge,"
PN8965,"TNF Black,","Small,Medium,Large,XLarge,"
PN8966,"TNF Black,","Medium,Large,XLarge,"
PN8967,"TNF Black,","Medium,Large,XLarge,"
PN8968,"Vanadis Grey,Cosmic Blue,","Small,Medium,Large,XLarge,"
PN8969,"Asphalt Grey,Dune Beige,","Small,Medium,Large,XLarge,"
PN8970,"Cosmic Blue,Heather Grey,","Small,Medium,Large,XLarge,"
PN8971,"TNF Black,","30 Waist,32 Waist,34 Waist,36 Waist,"
PN8977,"Scallion Green,TNF Black,","Small,Medium,Large,XLarge,"
PN8978,"Vanadis Grey Regular,Vanadis Grey Long,","32 Waist,34 Waist,36 Waist,38 Waist,"
PN8979,"Vanadis Grey,Zinnia Orange,","Small,Medium,Large,XLarge,"
PN8980,"Fiery Red,Honor Blue,TNF Black,","Small,Medium,Large,XLarge,"
PN8982,"Louie Blue,Zinnia Orange,","Medium,Large,XLarge,"
PN8983,"Louie Blue,Tree Frog Green,","Small,Medium,Large,XLarge,"
PN8984,"Drummer Blue,Cosmic Blue,","Small,Medium,Large,XLarge,"
PN8985,"Vanadis Grey/Black,","Medium,Large,"
PN8988,"Black,","29 Litres,"
PN8992,"Conquer Blue/Fiery Red,Black/Monument Grey,","Small/Medium,Large/XLarge,"
PN8994,"Marker Blue,TNF Black,Weimaraner Brown,","Small,Medium,Large,XLarge,"
PN8995,"Marker Blue,","Small,Medium,Large,"
PN8996,"Marker Blue,TNF Black,","Small,Medium,Large,"
PN8997,"Pache Grey,","US6=UK10,US8=UK12,US10=UK14,US12=UK16,"
PN8998,"Balsam Blue,TNF Black,","Small,Medium,Large,XLarge,"
PN8999,"Marker Blue,","Small,Medium,Large,"
PN9000,"Fanfare Green,","Small,Medium,Large,"
PN9001,"Fire Brick Red,Pache Grey,","Small,Medium,Large,"
PN9004,"TNF Black Short Leg,TNF Black Regular Leg,TNF Black Long Leg,Weimaraner Brown Regular Leg,","US6=UK10,US4=UK8,US8=UK12,US10=UK14,US12=UK16,US14=UK18,"
PN9006,"Fiery Red,Lightning Yellow,","Small,Medium,Large,"
PN9007,"TNF Black,","Small,Medium,Large,"
PN9008,"TNF Black,","Small,Medium,Large,"
PN9009,"TNF Black,","Small,Medium,Large,"
PN9010,"TNF Black,","Small,Medium,Large,"
PN9011,"Marker Blue,Pache Grey,","Small,Medium,Large,XLarge,"
PN9012,"Urban Navy,Wind Chime Grey,","Small,Medium,Large,XLarge,"
PN9016,"Jaiden Green,TNF Black,","Small,Medium,Large,XLarge,"
PN9017,"TNF Black,Marker Blue,","US6 = UK10,US8 = UK12,US10 = UK14,US12 = UK16,"
PN9018,"Jaiden Green,TNF Black,Vitamin C Orange,","XSmall,Small,Medium,Large,"
PN9019,"Vanadis Grey Short Leg,Vanadis Grey Reg Leg,Vanadis Grey Long Leg,","Small,Medium,Large,XLarge,"
PN9023,"Black,","Small Short Leg,Medium Short Leg,Large Short Leg,XLarge Short Leg,Small Regular Leg,Medium Regular Leg,Large Regular Leg,XLarge Regular Leg,Small Long Leg,Medium Long Leg,Large Long Leg,XLarge Long Leg,"
PN9048,"TNF Black/TNF Red,Zinc Grey/Cosmic Blue,","US8=UK7,US9=UK8,US10=UK9,US11=UK10,US12=UK11,US13=UK12,"
PN9049,"Weimaraner Brown/Jaiden Green,","US6=UK4,US6.5=UK4.5,US7=UK5,US7.5=UK5.5,US8=UK6,US8.5=UK6.5,US9=UK7,US9.5=UK7.5,"
PN9052,"Graphite Grey/TNF Red,","US7.5=UK6.5,US8=UK7,US8.5=UK7.5,US9=UK8,US9.5=UK8.5,US10=UK9,US10.5=UK9.5,US11=UK10,US11.5=UK10.5,US12=UK11,"
PN9054,"Dune Beige/Fire Brick Red,Moon Mist/Beach Glass,TNF Black/Society Pink,Jaiden Green/High Rise Grey,","US5=UK3,US5.5=UK3.5,US6=UK4,US6.5=UK4.5,US7=UK5,US7.5=UK5.5,US8=UK6,US8.5=UK6.5,US9=UK7,US9.5=UK7.5,US10=UK8,"
PN9055,"Dark Eggplant/Society Pink,Shroom Brown/Jaiden Green,","US5=UK3,US6=UK4,US7=UK5,US8=UK6,US9=UK7,US10=UK8,"
PN90978,"Island Grass Green,","Left Zip,Right Zip,"
PN90980,"Blue Ribbon,","Left Zip,Right Zip,"
PN90981,"Blue Ribbon,","Left Zip,Right Zip,"
PN90984,"Blitz Blue,","Left Zip,Right Zip,"
PN90999,"Black,Nautical Blue,Cosmic Blue/Louie Blue,","120 Litres,"
PN91000,"TNF Black,TNF Red/Black,summit gold,Cosmic Blue/Grey,Flashlight Green/Black,Spicy Orange/Sage,Azalea Pink/Fire Red,Burnt Olive/Safety Green,Fire Red/Jaiden Green,Jaiden Green Duckmo Print,Storm Blue/Cone Orange,Storm Blue/Fire Red,Cone Orange/Zinnia Orange,","42 Litres,"
PN91001,"TNF Black,TNF Red/Black,summit gold,pink/grey,Cosmic Blue/Grey,Flashlight Green/Black,Azalea Pink/Fire Red,Burnt Olive/Safety Green,Fire Brick Red/Jaiden,Jaiden Green Duckmo Print,Storm Blue/Cone Orange,Strom Blue/Fire Red,Cone Orange/Zinnia Orange,","70 Litres,"
PN91002,"TNF Black,TNF Red/Black,Summit Gold/TNF Black,Cosmic Blue/Grey,Flashlight Green/Black,Azalea Pink/Fire Brick Red,Burnt Olive/Safety Green,Fire Brick Red/Jaiden Green,Jaiden Green Duckmo Print,Storm Blue/Cone Orange,Cone Orange/Zinnia Orange,Storm Blue/Fire Brick Red,","90 Litres,"
PN91003,"Black,TNF Red/Black,summit gold,Cosmic Blue/Grey,Cone orange/Zinnia Orange,Jaiden Green Duckmo Print,Storm Blue/Fire Red,","155 Litres,"
PN19245,,
PN19441,"Vermillion,Denim,Indigo Dot,Night Sky,Bramble,Poppy,","Small,"
PN19442,"Denim,Indigo Dot,Night Sky,Bramble,Geometric,Poppy,","Medium,"
PN4093,,
PN4103,,
PN4104,,
PN4107,,
PN4108,,
PN4114,,
PN4115,,
PN4117,,
PN7010,,
PN70318,,
PN70319,,
PN70324,,
PN70329,,
PN8706,,
PN8708,,
PN8709,,
PN8716,,
PN8727,,
PN8728,,
PN8729,,
PN30897,,
PN10056,"Charcoal,","Medium 5 - 8,Large 8.5 - 12,"
PN10057,"Black,Navy,","Small 5.5 - 7.5,Medium 8 - 9.5,Large 10 - 11,"
PN541,"Black,Olive,","Medium 5-8.5,Large 9-12,"
PN543,"Grey,","Medium Size 5-8,Large Size 8.5-12,"
PN546,"Navy,Pine,","Medium Size 5-8,Large Size 8.5-12,"
PN547,"Slate Blue,","Medium Size 3.5-5,Large Size 5.5-7.5,"
PN548,"Willow Green,Brown,Quarry Grey,","ULH11 Size 5.5-8.5,ULH13 Size 9-12.5,"
PN549,"Grey,Lake Blue,","TRHXM11 Size 5.5-8.5,TRHXM13 Size 9-12.5,"
PN551,"Grey Oyster,Dust Blue,","TRHXW9 Size 3.5-5,TRHXW10 Size 5.5-7.5,"
PN9119,"Khaki,Slate Blue,","UK 3.5-5.0,UK 5.5-7.5,UK 8.0+,"
PN9120,"Flamingo,Pink,Purple,Celery,Red,","UK 5.5-7.5,UK 8.0+,"
PN9122,"Quarry Grey,Cornstalk Brown,Willow Green,","UK 3.5-5.0,UK 5.0-8.0,UK 8.5-12.0,"
PN9145,"Grey Oyster,","UK 3.5-5.0,UK 5.5-7.5,UK 8.0-9.5,"
PN8168,,
PN8169,,
PN8205,"Burgundy/Gold,Royal Blue/Turquoise,Khaki/Bronze,Purple/Navy,Surprise Me!,","2 Person,"
PN8206,"Bottle Green/Burgundy,Sky Blue/Royal Blue,Surprise Me!,","1 Person,"
PN9131,"Khaki,Olive,Natural,","7=56cm,7 1/8=57cm,7 1/4=58cm,7 3/8=59cm,7 1/2=60cm,7 5/8=61cm,7 3/4=61.5cm,7 7/8=62.5cm,"
PN9132,"Grey,","7=56cm,7 1/8=57cm,7 1/4=58cm,7 3/8=59cm,7 1/2=60cm,"
PN9133,"Olive/British Tan,","7 inch,7 1/8 inch,7 1/4 inch,7 3/8 inch,7 1/2 inch,"
PN9134,"Olive/British Tan,","7=56cm,7 1/8=57cm,7 1/4=58cm,7 3/8=59cm,7 1/2=60cm,"
PN9135,"Khaki,","7=56cm,7 1/8=57cm,7 1/4=58cm,7 3/8=59cm,7 1/2=60cm,"
PN9136,"Mocha,","7 inch,7 1/8 inch,7 1/4 inch,7 3/8 inch,7 1/2 inch,"
PN224,,
PN33244,,
PN33245,,
PN33246,,
PN33249,,
PN33250,,
PN33253,,
PN33255,,
PN33256,,
PN33258,,
PN33259,,
PN33260,,
PN33261,,
PN33265,,
PN33268,,
PN33269,,
PN33271,,
PN33273,,
PN33278,,
PN33279,,
PN33280,,
PN50626,,
PN57026,,
PN8123,,
PN33234,,
PN4021,"Volcano,Grasshopper,","Left Zip,"
PN4022,"Atlantic,Volcano,","Left Zip,"
PN4023,"Volcano,Vermillion,","Left Zip,"
PN4024,"Imperial Blue,Grasshopper,","Left Zip,"
PN4025,"Midnight,Surf Blue,","60 Litres,"
PN6784,"Black,Atlantic,","Left Zip,"
PN6785,"Volcano,","Left Zip,"
PN6786,"Atlantic Blue,","One Size,"
PN6788,"Black,","One Size,"
PN6789,"Black,","One Size,"
PN6799,,
PN70198,,
PN70205,,
PN70206,,
PN70207,,
PN70225,,
PN70226,,
PN70227,,
PN70231,,
PN8195,"Vermillion,Volcano,","Left Zip,"
PN8200,,
PN8677,"Cactus,","2 Person,"
PN8679,"Cactus,","4 Person,"
PN8680,"Cactus,","1 Person,"
PN8681,"Cactus,","2 Person,"
PN8683,"Cactus,","2 Person,"
PN8684,"Cactus,","3 Person,"
PN8692,"Atlantic,","Left Zip,"
PN8693,,
PN8698,"Blue,","50 Litres,"
PN8699,"Green,Black,Red,Citron,","60 Litres,"
PN8700,"Black,","60 Litres,"
PN8701,"Black,","60 Litres,"
PN8702,,
PN10040,,
PN19468,"Red,Blue,Black,","Packaged,"
PN19469,,
PN19470,,
PN19472,,
PN19561,"Chocolate,Matrioshka,The World My Home,Flip to Decide,","Limited Edition,Printed,"
PN34053,"Red,",
PN34055,"Red,Black,",
PN34057,,
PN34059,"Red,Black,",
PN34060,"Red,Black,",
PN8176,,
PN20527,,
PN20528,,
PN20529,,
PN20547,,
PN9106,"Black,Blue,Red,Green,Pink,","One Size,"
PN20495,,
PN20496,,
PN311,,
PN31507,"Silver,","Size 3,Size 4,Size 5,Size 6,Size 7,Size 8,Size 9,"
PN31508,,
PN31523,,
PN31539,,
PN39591,,"10cm,15cm,20cm,"
PN90197,,
PN90198,,
PN90199,,
PN90200,,
PN90201,,
PN90202,,
PN90203,,
PN11030,,
PN11031,,
PN5664,"Green,","2 Person,"
PN8302,,
